,Date,WFC
1,2015-03-04,-0.006343991529599102
2,2015-03-05,-0.0018201492868610508
3,2015-03-06,-0.007093488541287623
4,2015-03-09,-0.002008050420008166
5,2015-03-10,-0.016063497045790253
6,2015-03-11,-0.0031557082449546665
7,2015-03-12,0.019625825385179756
8,2015-03-13,-0.0027032257090204024
9,2015-03-16,0.004144144144144088
10,2015-03-17,0.007387387387387326
11,2015-03-18,0.008800251436781608
12,2015-03-19,-0.007864217911273983
13,2015-03-20,0.008643958376444534
14,2015-03-23,-0.00446189549280556
15,2015-03-24,-0.006283716224708882
16,2015-03-25,-0.013029262143657811
17,2015-03-26,0.0027599265045051267
18,2015-03-27,-0.007700806606145766
19,2015-03-30,0.0069865969293362185
20,2015-03-31,-0.0012850926879917407
21,2015-04-01,-0.008820268607874616
22,2015-04-02,0.007784948882577401
23,2015-04-06,0.004830955035302863
24,2015-04-07,-0.004789959557663099
25,2015-04-08,0.00037050759540576376
26,2015-04-09,0.0024046984386848326
27,2015-04-10,-0.00018409717709931368
28,2015-04-13,0.004785532678611038
29,2015-04-14,0.004821045800111265
30,2015-04-15,0.008092735112980226
31,2015-04-16,0.00513482496121086
32,2015-04-17,-0.00661644918213558
33,2015-04-20,0.00036807140228180886
34,2015-04-21,-0.004949587625107071
35,2015-04-22,0.006628558154510067
36,2015-04-23,0.008270556882925939
37,2015-04-24,-0.0010956355403811875
38,2015-04-27,0.0032852709748993586
39,2015-04-28,0.009105809506465124
40,2015-04-29,0.005256498287348202
41,2015-04-30,-0.009883270085057702
42,2015-05-01,-0.0012667210013290772
43,2015-05-04,0.008322779084494187
44,2015-05-05,-0.00017941862551576224
45,2015-05-06,-0.009200829875518674
46,2015-05-07,-0.0027292213014778917
47,2015-05-08,0.01595071654706241
48,2015-05-11,-0.007331902980397042
49,2015-05-12,0.0028927860623253958
50,2015-05-13,0.0023435550325660876
51,2015-05-14,0.001608579059721488
52,2015-05-15,-0.009279104045697529
53,2015-05-18,0.0030586180979266546
54,2015-05-19,0.008944543508245313
55,2015-05-20,-0.004261328124999999
56,2015-05-21,0.0017885530316581377
57,2015-05-22,-0.0007137937060350271
58,2015-05-26,-0.005538699204239907
59,2015-05-27,0.0026824392947939774
60,2015-05-28,0.0017821778331461172
61,2015-05-29,-0.005155573333333273
62,2015-06-01,-0.00355620542118758
63,2015-06-02,0.0030352081069525594
64,2015-06-03,0.009937924043936917
65,2015-06-04,-0.006898991807871666
66,2015-06-05,-0.007538569292802076
67,2015-06-08,-0.014401124243082623
68,2015-06-09,0.008358545260537142
69,2015-06-10,0.004036486486486601
70,2015-06-11,0.0
71,2015-06-12,-0.0007001750271279818
72,2015-06-15,0.005825207208289176
73,2015-06-16,0.0065084083204366
74,2015-06-17,-0.0024429069544074883
75,2015-06-18,0.007156571702625799
76,2015-06-19,-0.006443730631965539
77,2015-06-22,0.005731121718265939
78,2015-06-23,-0.001896568965517188
79,2015-06-24,-0.002254153017310717
80,2015-06-25,-0.010043324675324681
81,2015-06-26,0.0017439658179280928
82,2015-06-29,-0.013028134032185458
83,2015-06-30,-0.0053059602881860525
84,2015-07-01,-0.003152916447714255
85,2015-07-02,-0.0017592892329346668
86,2015-07-06,0.00606062410198305
87,2015-07-07,-0.0012428977272727322
88,2015-07-08,-0.010565902578796622
89,2015-07-09,-0.009989314841432125
90,2015-07-10,-0.0044381322762956765
91,2015-07-13,0.003182478727325291
92,2015-07-14,0.013992224831601513
93,2015-07-15,0.006444852813098763
94,2015-07-16,-0.0012019917169645237
95,2015-07-17,-0.0005175435480845203
96,2015-07-20,0.001034609379734161
97,2015-07-21,-0.001206463288521248
98,2015-07-22,0.007749268124677163
99,2015-07-23,-0.008854095011067487
100,2015-07-24,-0.006875232038501257
101,2015-07-27,0.0019137091162144493
102,2015-07-28,-0.005716230729256821
103,2015-07-29,0.00625001757812568
104,2015-07-30,0.005185894734170972
105,2015-07-31,-0.006182397389661634
106,2015-08-03,-0.002755295333218593
107,2015-08-04,0.0008655011251514135
108,2015-08-05,-0.002767669905419983
109,2015-08-06,-0.00208157841867905
110,2015-08-07,-0.0017369984366857188
111,2015-08-10,0.002422145370625362
112,2015-08-11,-0.0003494845360823606
113,2015-08-12,-0.003163462103217451
114,2015-08-13,0.0024669427312775877
115,2015-08-14,0.007734276810235086
116,2015-08-17,0.0057874079270430765
117,2015-08-18,0.0022644312837484764
118,2015-08-19,-0.0038407472737560073
119,2015-08-20,-0.00602196255795193
120,2015-08-21,-0.024579811148389204
121,2015-08-24,0.04166664549458037
122,2015-08-25,-0.06591968377067564
123,2015-08-26,0.014352171948173545
124,2015-08-27,0.011040419368271251
125,2015-08-28,-0.003906958139534946
126,2015-08-31,-0.0013108613741250475
127,2015-09-01,-0.021492975983631243
128,2015-09-02,-0.009525623565417278
129,2015-09-03,0.0007635235877747702
130,2015-09-04,-0.009845521425589275
131,2015-09-08,0.005318100462750202
132,2015-09-09,-0.026487632410228768
133,2015-09-10,0.009410428269637016
134,2015-09-11,0.005349617883072154
135,2015-09-14,0.002660060751281443
136,2015-09-15,0.008107088836593477
137,2015-09-16,0.0037369394618834138
138,2015-09-17,-0.02774677788181041
139,2015-09-18,-0.004486034718158894
140,2015-09-21,0.0005822787267080077
141,2015-09-22,-0.00353843136501732
142,2015-09-23,-0.001965448074578526
143,2015-09-24,0.009183449790377246
144,2015-09-25,0.002336429082234636
145,2015-09-28,-0.013706696690816533
146,2015-09-29,0.008321735519680287
147,2015-09-30,-0.005423261564531069
148,2015-10-01,-0.0013589400644124041
149,2015-10-02,0.019490831732116912
150,2015-10-05,0.01353705305621826
151,2015-10-06,-0.00287468378689159
152,2015-10-07,-0.005715431292991696
153,2015-10-08,0.005935305380049776
154,2015-10-09,-0.016597529234251226
155,2015-10-12,0.0011512087711283293
156,2015-10-13,-0.0030757208765860478
157,2015-10-14,-0.0038684912211123614
158,2015-10-15,0.013659080415544506
159,2015-10-16,-0.005079980994168177
160,2015-10-19,-0.0037906938510498672
161,2015-10-20,0.008741980401786028
162,2015-10-21,0.0015082578901158645
163,2015-10-22,0.012359531372302179
164,2015-10-23,0.007545086492454851
165,2015-10-26,-0.008582852760513366
166,2015-10-27,0.002593534642460228
167,2015-10-28,0.02230824032786731
168,2015-10-29,-0.0054161221414717785
169,2015-10-30,-0.01688761576175771
170,2015-11-02,0.01180592163449396
171,2015-11-03,0.004572055596196049
172,2015-11-04,0.0003665872366827963
173,2015-11-05,0.009383680198111461
174,2015-11-06,-0.0033904888759726695
175,2015-11-09,-0.010877335560722642
176,2015-11-10,0.011030759693142073
177,2015-11-11,-0.0058792445059817535
178,2015-11-12,-0.006304070605187382
179,2015-11-13,-0.008178844056706703
180,2015-11-16,0.014500734214390718
181,2015-11-17,-0.006687203806715875
182,2015-11-18,0.011078768414842562
183,2015-11-19,0.0035861753630984454
184,2015-11-20,-0.007820796580902878
185,2015-11-23,-0.005366797661295276
186,2015-11-24,0.0025389917036449973
187,2015-11-25,-0.00432740721830882
188,2015-11-27,0.0009034875316226902
189,2015-11-30,-0.006491182951517976
190,2015-12-01,0.0036029725672121317
191,2015-12-02,-0.012903172274250387
192,2015-12-03,-0.01686921790551028
193,2015-12-04,0.02184284140969168
194,2015-12-07,-0.0005410820461482168
195,2015-12-08,-0.010549254274281489
196,2015-12-09,0.0
197,2015-12-10,0.0016589861751152703
198,2015-12-11,-0.0026192702971137563
199,2015-12-14,-0.002250543885971492
200,2015-12-15,0.020063123906255777
201,2015-12-16,0.011592084977215738
202,2015-12-17,-0.011406166255459406
203,2015-12-18,-0.021999981818181878
204,2015-12-21,-0.005156519431980037
205,2015-12-22,-0.00036793597557133043
206,2015-12-23,0.008058663298852086
207,2015-12-24,-0.0027287792845410927
208,2015-12-28,0.0023831531142649524
209,2015-12-29,0.0032661948236945185
210,2015-12-30,-0.0068753573367106935
211,2015-12-31,-0.002751733727820099
212,2016-01-04,-0.00339046901488052
213,2016-01-05,-0.0007557339882863522
214,2016-01-06,-0.0046047199655548715
215,2016-01-07,-0.011958361574529024
216,2016-01-08,-0.02440940992931909
217,2016-01-11,-0.0017935432443203728
218,2016-01-12,0.00943396207873496
219,2016-01-13,-0.038662284941040015
220,2016-01-14,0.01118204827547736
221,2016-01-15,0.004733484256019693
222,2016-01-19,-0.021116771573603994
223,2016-01-20,0.012478849671718552
224,2016-01-21,-0.0004164272416494012
225,2016-01-22,-0.00020393636964980216
226,2016-01-25,-0.02555714577795952
227,2016-01-26,0.01068058638743462
228,2016-01-27,0.0055900829314717085
229,2016-01-28,-0.003665987929368138
230,2016-01-29,0.01907078476220766
231,2016-02-01,-0.0035913807580083895
232,2016-02-02,-0.008729111194848255
233,2016-02-03,-0.017543921206523833
234,2016-02-04,0.01793244650074064
235,2016-02-05,-0.010134374772880083
236,2016-02-08,-0.012948439546838409
237,2016-02-09,0.018417013408967113
238,2016-02-10,-0.015145114864651995
239,2016-02-11,0.005119074115290383
240,2016-02-12,0.029373412301423162
241,2016-02-16,0.0039542768773001905
242,2016-02-17,-0.010688612099132095
243,2016-02-18,-0.007485963817841682
244,2016-02-19,0.014556919217007686
245,2016-02-22,0.02287375753794961
246,2016-02-23,-0.015756108364152015
247,2016-02-24,0.005703443177017184
248,2016-02-25,0.000838419636101787
249,2016-02-26,-0.0012466444785654534
250,2016-02-29,-0.023110577204051096
251,2016-03-01,0.03351722599739555
252,2016-03-02,0.014946764946764881
253,2016-03-03,0.00282085426514505
254,2016-03-04,0.0019996601479566915
255,2016-03-07,0.006027727546714831
256,2016-03-08,-0.011288086851681322
257,2016-03-09,-0.011948156906679759
258,2016-03-10,-0.008786289513410027
259,2016-03-11,0.019340411631523044
260,2016-03-14,-0.0018010806123458633
261,2016-03-15,0.013793124012030856
262,2016-03-16,-0.004221085427135746
263,2016-03-17,0.006069188751770122
264,2016-03-18,0.0019825932193217603
265,2016-03-21,0.0033662970297029635
266,2016-03-22,0.003186616275375679
267,2016-03-23,-0.00836990833001189
268,2016-03-24,-0.002447939616483119
269,2016-03-28,-0.00693311568244047
270,2016-03-29,-0.011723570788226473
271,2016-03-30,0.005165289042756651
272,2016-03-31,-0.004938210079761782
273,2016-04-01,0.004561496993572537
274,2016-04-04,0.001652251204140908
275,2016-04-05,-0.011855323966084637
276,2016-04-06,0.014560097374131558
277,2016-04-07,-0.016348753224664784
278,2016-04-08,-0.005913368781979655
279,2016-04-11,-0.0016981956761155737
280,2016-04-12,0.013364467826993378
281,2016-04-13,0.015324041927437524
282,2016-04-14,0.010144969154140085
283,2016-04-15,-0.007610016610654393
284,2016-04-18,0.012227979274611469
285,2016-04-19,0.017751541226343183
286,2016-04-20,0.009403781512605111
287,2016-04-21,-0.009891197030488566
288,2016-04-22,0.011388611616156083
289,2016-04-25,0.003975293103254029
290,2016-04-26,0.008117204835367377
291,2016-04-27,0.001179496779624465
292,2016-04-28,-0.0019797664612856737
293,2016-04-29,-0.009512465507579707
294,2016-05-02,0.006165493360491253
295,2016-05-03,0.00280784190116649
296,2016-05-04,-0.0024460252253154153
297,2016-05-05,-0.0002042474942975816
298,2016-05-06,0.006364216923921508
299,2016-05-09,-0.002855956752346044
300,2016-05-10,0.008163306122448992
301,2016-05-11,-0.005672589026082001
302,2016-05-12,-0.0028374341305229646
303,2016-05-13,-0.017515194196138305
304,2016-05-16,0.003117227828703886
305,2016-05-17,-0.01080182822604552
306,2016-05-18,0.02034400167785237
307,2016-05-19,-0.0012386044846945644
308,2016-05-20,0.0026738174141056653
309,2016-05-23,-0.0012304553416922358
310,2016-05-24,0.0030581448126023535
311,2016-05-25,0.01855582821477094
312,2016-05-26,0.0005938044338875011
313,2016-05-27,0.004940711657735639
314,2016-05-31,-0.005880027440219515
315,2016-06-01,0.014723478500735255
316,2016-06-02,0.0029435243905713876
317,2016-06-03,0.0003986645564546485
318,2016-06-06,0.0049761144515878
319,2016-06-07,-0.009067612852355486
320,2016-06-08,-0.004975124378109453
321,2016-06-09,-0.010271963332448557
322,2016-06-10,-0.0030934624420100774
323,2016-06-13,-0.0033243298706766406
324,2016-06-14,-0.02047638904144605
325,2016-06-15,-0.010366003807912133
326,2016-06-16,0.008177253966488959
327,2016-06-17,-0.005336179523422819
328,2016-06-20,-0.01179199781882505
329,2016-06-21,-0.0012687883005119782
330,2016-06-22,-0.003817624440397631
331,2016-06-23,0.005667527406958877
332,2016-06-24,-0.0010926355372655322
333,2016-06-27,-0.00420360610169007
334,2016-06-28,0.004576138692005556
335,2016-06-29,0.007291443120492393
336,2016-06-30,0.0019051650336510022
337,2016-07-01,-0.0010620857662666156
338,2016-07-05,-0.010492547955191627
339,2016-07-06,0.016561408074992495
340,2016-07-07,0.004722992497939337
341,2016-07-08,0.007165437151413259
342,2016-07-11,-0.0004157172730027767
343,2016-07-12,-0.0014456836615317557
344,2016-07-13,-0.0008280066067478787
345,2016-07-14,-0.002242609627780001
346,2016-07-15,-0.023336725622793188
347,2016-07-18,0.00983053733882994
348,2016-07-19,0.006031551329802349
349,2016-07-20,0.0004116279069766103
350,2016-07-21,-0.007194305973512621
351,2016-07-22,0.0
352,2016-07-25,-0.002487624274974055
353,2016-07-26,-0.0012491776233431342
354,2016-07-27,0.0010427319907667923
355,2016-07-28,0.00396332924412451
356,2016-07-29,0.0004171011383295514
357,2016-08-01,-0.003543122134222533
358,2016-08-02,0.0008392992026857686
359,2016-08-03,0.005070737161599949
360,2016-08-04,0.005042059035380716
361,2016-08-05,0.005992994544182499
362,2016-08-08,0.0026650472051055196
363,2016-08-09,-0.0018359853121175725
364,2016-08-10,-0.01310938140106515
365,2016-08-11,0.00020738129794733708
366,2016-08-12,-0.0031216858089840763
367,2016-08-15,0.0045785849027801945
368,2016-08-16,0.0058139327242525685
369,2016-08-17,0.0049617946033035255
370,2016-08-18,0.0006185360824741558
371,2016-08-19,0.004335322137393116
372,2016-08-22,-0.00020555099106813425
373,2016-08-23,-0.0047285979590584795
374,2016-08-24,0.002680432989690722
375,2016-08-25,-0.0049361991965487274
376,2016-08-26,-0.001441004469287533
377,2016-08-29,0.016615405128205123
378,2016-08-30,0.017896621757490513
379,2016-08-31,0.0019723471011371253
380,2016-09-01,-0.009622899042533347
381,2016-09-02,0.001982120872505025
382,2016-09-06,-0.011273714175757291
383,2016-09-07,-0.00040170716204632125
384,2016-09-08,0.0018068861311607057
385,2016-09-09,-0.015558718304355566
386,2016-09-12,0.0035146165704902465
387,2016-09-13,-0.017573222124962727
388,2016-09-14,-0.011894689384252729
389,2016-09-15,0.0006505420782858358
390,2016-09-16,-0.005908118032645133
391,2016-09-19,0.008548860336450316
392,2016-09-20,-0.0125132762454602
393,2016-09-21,-0.014620426343600416
394,2016-09-22,-0.0024001962731748715
395,2016-09-23,0.005274769230769164
396,2016-09-26,-0.01080004432003624
397,2016-09-27,0.006697901167718367
398,2016-09-28,-0.0011022927446583865
399,2016-09-29,-0.018145607836813633
400,2016-09-30,-0.0011279719770823334
401,2016-10-03,-0.0065729149268566305
402,2016-10-04,0.002980307266857114
403,2016-10-05,0.02646588973461595
404,2016-10-06,0.0
405,2016-10-07,0.0028761282549529155
406,2016-10-10,-0.0010940699979415686
407,2016-10-11,-0.0076418778961108574
408,2016-10-12,-0.004174862851015787
409,2016-10-13,-0.010831166629921833
410,2016-10-14,-0.010183728589051437
411,2016-10-17,-0.0008980915828896507
412,2016-10-18,0.004469296089385482
413,2016-10-19,0.008916562440558265
414,2016-10-20,-0.0008895040940738188
415,2016-10-21,0.007822932149176178
416,2016-10-24,0.0015401319793150897
417,2016-10-25,0.005498130514666142
418,2016-10-26,0.015178244944527984
419,2016-10-27,-0.00021538131044303492
420,2016-10-28,-0.0073008374490015765
421,2016-10-31,-0.008405258258393989
422,2016-11-01,-0.0028186687514889803
423,2016-11-02,-0.003085037393454511
424,2016-11-03,0.0002205603255875228
425,2016-11-04,-0.016754915856373055
426,2016-11-07,0.003980561610336921
427,2016-11-08,0.007968149623727244
428,2016-11-09,0.03582991427455575
429,2016-11-10,0.05518089106887391
430,2016-11-11,0.01252691329027194
431,2016-11-14,0.025236004623386765
432,2016-11-15,0.004009144635182488
433,2016-11-16,-0.002123981422591533
434,2016-11-17,0.021405001389472565
435,2016-11-18,0.007054318263978679
436,2016-11-21,-0.013812658990072231
437,2016-11-22,-0.004005321380888733
438,2016-11-23,-0.005529094270179399
439,2016-11-25,0.004198415870289458
440,2016-11-28,-0.010360648702238072
441,2016-11-29,0.005818463812675201
442,2016-11-30,0.00838410823170737
443,2016-12-01,0.02277430787174281
444,2016-12-02,-0.012168141144242521
445,2016-12-05,0.00834871954179146
446,2016-12-06,0.020201983100055394
447,2016-12-07,0.031143114872063216
448,2016-12-08,0.0
449,2016-12-09,0.0040414514145142594
450,2016-12-12,-0.012743380530973512
451,2016-12-13,-0.00017901522574801084
452,2016-12-14,-0.000730745314916076
453,2016-12-15,0.0003625339990043248
454,2016-12-16,-0.0027032257090204024
455,2016-12-19,0.0007249184487133695
456,2016-12-20,0.01135743624738705
457,2016-12-21,-0.00677484400071314
458,2016-12-22,-0.00017930416712000347
459,2016-12-23,0.0032269631270521685
460,2016-12-27,0.0008944364617375091
461,2016-12-28,-0.011789924973204656
462,2016-12-29,-0.006341710569699355
463,2016-12-30,0.00400805254159312
464,2017-01-03,0.0059278248941198155
465,2017-01-04,-0.00195870726495721
466,2017-01-05,-0.005586628019944876
467,2017-01-06,-0.003981125732216031
468,2017-01-09,-0.00804678127286033
469,2017-01-10,0.0049678198700209815
470,2017-01-11,0.003663022112198618
471,2017-01-12,-0.002744775745845364
472,2017-01-13,0.003629105359660633
473,2017-01-17,-0.018613139025787265
474,2017-01-18,0.009111212516013743
475,2017-01-19,0.0062684363470341216
476,2017-01-20,0.005844748858447494
477,2017-01-23,-0.008407951168121998
478,2017-01-24,0.0062545988547719755
479,2017-01-25,0.02239071826668981
480,2017-01-26,0.010068874579246215
481,2017-01-27,-0.007715220194901164
482,2017-01-30,-0.0007127049307324402
483,2017-01-31,0.00625226866738127
484,2017-02-01,-0.011142571433629796
485,2017-02-02,0.0032391578189670633
486,2017-02-03,0.006856522382972586
487,2017-02-06,-0.009285265967580041
488,2017-02-07,-0.009145286508172827
489,2017-02-08,-0.010318413277324615
490,2017-02-09,0.019773485173944123
491,2017-02-10,-0.002806015433181449
492,2017-02-13,0.00017525845452952632
493,2017-02-14,0.014878329863848539
494,2017-02-15,0.007745284259734403
495,2017-02-16,-0.004112439956949229
496,2017-02-17,0.00885720705601926
497,2017-02-21,0.0
498,2017-02-22,0.006206913793103395
499,2017-02-23,0.0010269039876775153
500,2017-02-24,0.001906412445296135
501,2017-02-27,0.004324511255414093
502,2017-02-28,-0.0018968959511330404
503,2017-03-01,0.010488901869583796
504,2017-03-02,-0.01789896316324785
505,2017-03-03,0.0006797111530913515
506,2017-03-06,0.0011957635600313755
507,2017-03-07,-0.0022249015916481264
508,2017-03-08,-0.012553044740406314
509,2017-03-09,0.004277159892606332
510,2017-03-10,-0.002204170905391616
511,2017-03-13,-0.0022097738497442176
512,2017-03-14,0.004616105159305793
513,2017-03-15,-0.003225857275862185
514,2017-03-16,0.00781513748190394
515,2017-03-17,-0.011790483607722484
516,2017-03-20,-0.014366341467994901
517,2017-03-21,-0.03590543759709995
518,2017-03-22,-0.0036016028021177565
519,2017-03-23,0.00036212203512589404
520,2017-03-24,0.005945981981981988
521,2017-03-27,0.013911733225119346
522,2017-03-28,0.011020795339504872
523,2017-03-29,-0.004826617891072908
524,2017-03-30,0.010057507183907997
525,2017-03-31,-0.006426276329882301
526,2017-04-03,-0.003770179465526462
527,2017-04-04,-0.001808282130348671
528,2017-04-05,-0.01451874861948828
529,2017-04-06,0.00764327556609143
530,2017-04-07,-0.0018201492868610508
531,2017-04-10,-0.008183323943141524
532,2017-04-11,-0.0012907984510418641
533,2017-04-12,-0.015384652170812755
534,2017-04-13,-0.008687278159986071
535,2017-04-17,0.020914059274091006
536,2017-04-18,0.0017188693331003453
537,2017-04-19,-0.013804821977972342
538,2017-04-20,0.014795124909045365
539,2017-04-21,-0.007304720121834111
540,2017-04-24,-0.009233610000605356
541,2017-04-25,0.004233369989568552
542,2017-04-26,-0.0010988461940969804
543,2017-04-27,-0.0018335533217169612
544,2017-04-28,-0.009018994698362
545,2017-05-01,0.0066543625380541425
546,2017-05-02,0.0014690048011200521
547,2017-05-03,0.015552676006394154
548,2017-05-04,-0.0016283698208793813
549,2017-05-05,-0.0025339185520362553
550,2017-05-08,-0.0014513425517297877
551,2017-05-09,-0.008342383176321844
552,2017-05-10,0.005327962520668817
553,2017-05-11,-0.009948360537000003
554,2017-05-12,-0.0052532646388979585
555,2017-05-15,0.004900094140593788
556,2017-05-16,-0.0026217976546142746
557,2017-05-17,-0.01915125869888328
558,2017-05-18,0.0013381762313481945
559,2017-05-19,0.009320924481643513
560,2017-05-22,-0.004880833489769101
561,2017-05-23,0.0071684779161847925
562,2017-05-24,-0.007478070387808054
563,2017-05-25,-0.008826309859154995
564,2017-05-26,-0.00418014432490707
565,2017-05-30,0.0
566,2017-05-31,-0.020869251388091016
567,2017-06-01,0.010673452564980718
568,2017-06-02,0.0027095607783843944
569,2017-06-05,0.0001934248732048915
570,2017-06-06,0.009547954014029608
571,2017-06-07,0.004822530864197531
572,2017-06-08,0.009022864273372937
573,2017-06-09,0.017782784377926946
574,2017-06-12,0.002037791774731503
575,2017-06-13,0.001839981668444605
576,2017-06-14,0.00813457200961348
577,2017-06-15,-0.0025906550223786266
578,2017-06-16,-0.000741720749119166
579,2017-06-19,-0.0012888786358152121
580,2017-06-20,-0.011098815924920097
581,2017-06-21,-0.009164035736599416
582,2017-06-22,-0.005871155414226481
583,2017-06-23,-0.004743832927061994
584,2017-06-26,0.0032240091029775036
585,2017-06-27,0.002640513013956874
586,2017-06-28,0.013430348565000092
587,2017-06-29,0.00233597475881485
588,2017-06-30,-0.011065482974575816
589,2017-07-03,-0.0005375739018532394
590,2017-07-05,-0.0033947113919116575
591,2017-07-06,-0.007502661664880264
592,2017-07-07,-0.0007170491344038859
593,2017-07-10,0.0010805150563753271
594,2017-07-11,-0.01113904060366511
595,2017-07-12,0.004369160750045511
596,2017-07-13,0.006152732759780344
597,2017-07-14,0.012520732599507726
598,2017-07-17,-0.0034608924057962192
599,2017-07-18,0.009022242514781025
600,2017-07-19,0.0025547445721668823
601,2017-07-20,-0.001455567712073709
602,2017-07-21,-0.004776814256843654
603,2017-07-24,0.003142366105078299
604,2017-07-25,0.001090927272727268
605,2017-07-26,-0.007411424439624072
606,2017-07-27,-0.002734268998646091
607,2017-07-28,-0.018416206600666788
608,2017-07-31,0.00973420103834524
609,2017-08-01,-0.0027659598008481752
610,2017-08-02,0.0014941725533401343
611,2017-08-03,-0.001869121495327091
612,2017-08-04,-0.015464841269418274
613,2017-08-07,-0.0036032429357102267
614,2017-08-08,0.007454109327217184
615,2017-08-09,0.009755202940994702
616,2017-08-10,-0.00839851132656068
617,2017-08-11,0.002122265015540611
618,2017-08-14,0.0089746230470618
619,2017-08-15,-0.006579003635733032
620,2017-08-16,-0.006036578231902645
621,2017-08-17,-0.01276923932210338
622,2017-08-18,0.0009684098204840182
623,2017-08-21,0.0015461537863876262
624,2017-08-22,0.0051973050010144005
625,2017-08-23,0.0038587110222375876
626,2017-08-24,-0.0005748036132363915
627,2017-08-25,-0.009565716472163765
628,2017-08-28,-0.006159768890091076
629,2017-08-29,0.004100742122646717
630,2017-08-30,-0.0019432180711858634
631,2017-08-31,0.0013725490196078488
632,2017-09-01,-0.0017626321628939315
633,2017-09-05,-0.010468160962509179
634,2017-09-06,-0.007363164179104477
635,2017-09-07,-0.005206227577217223
636,2017-09-08,-0.0006046966215541208
637,2017-09-11,0.013199999999999932
638,2017-09-12,0.01415933192367089
639,2017-09-13,0.0013621327371498933
640,2017-09-14,-0.004850601380469511
641,2017-09-15,0.00741031605714345
642,2017-09-18,0.020127753827279105
643,2017-09-19,0.01213960523255668
644,2017-09-20,0.0067428545934229535
645,2017-09-21,0.009523847049931786
646,2017-09-22,0.00612021536054212
647,2017-09-25,-0.0007398002589236865
648,2017-09-26,-0.005545268227181814
649,2017-09-27,-0.004773306319564783
650,2017-09-28,-0.0007368023441369364
651,2017-09-29,0.016589898617511534
652,2017-10-02,0.005620032632342402
653,2017-10-03,0.004518344315259559
654,2017-10-04,-0.006328005671162371
655,2017-10-05,0.007090890909090966
656,2017-10-06,0.001802487382840726
657,2017-10-09,-0.00862998936767325
658,2017-10-10,0.004334513352618932
659,2017-10-11,0.003968272077349719
660,2017-10-12,-0.008619141831911271
661,2017-10-13,0.0037389604135741727
662,2017-10-16,0.0027958433254112285
663,2017-10-17,-0.014635068543905089
664,2017-10-18,0.0
665,2017-10-19,0.012050442250980247
666,2017-10-20,0.013097196330883463
667,2017-10-23,0.002922374429223682
668,2017-10-24,0.007636327272727266
669,2017-10-25,-0.004325139508915443
670,2017-10-26,0.00306578894380903
671,2017-10-27,0.011587887017925097
672,2017-10-30,0.007213651808590573
673,2017-10-31,0.0033958533798775586
674,2017-11-01,-0.0019531427556817634
675,2017-11-02,0.012186398067856546
676,2017-11-03,0.001777742222222211
677,2017-11-06,0.0014260606569005644
678,2017-11-07,-0.019939452374557676
679,2017-11-08,-0.009854033026533388
680,2017-11-09,0.0018552503949814207
681,2017-11-10,-0.00388743058126626
682,2017-11-13,0.0037369394618834138
683,2017-11-14,0.00971601270553052
684,2017-11-15,0.0022375349200534226
685,2017-11-16,0.012048136940720336
686,2017-11-17,-0.0011067515422754895
687,2017-11-20,-0.0012934220490284983
688,2017-11-21,0.008136057391418048
689,2017-11-22,-0.00734480366038941
690,2017-11-24,-0.0018453405027742636
691,2017-11-27,-0.0012957978526472195
692,2017-11-28,0.031557472276916146
693,2017-11-29,0.015042979942693343
694,2017-11-30,-0.00981935840468791
695,2017-12-01,-0.006540551529079016
696,2017-12-04,0.0020953204120831145
697,2017-12-05,-0.0018752301397885597
698,2017-12-06,-0.0018745739604635213
699,2017-12-07,0.01556886200908699
700,2017-12-08,0.0
701,2017-12-11,-0.0015264586419006453
702,2017-12-12,0.027593306550729065
703,2017-12-13,-0.015088691509058326
704,2017-12-14,-0.005541528220680512
705,2017-12-15,0.007064726542224947
706,2017-12-18,0.00794174400962514
707,2017-12-19,-0.013725489971805775
708,2017-12-20,-0.012155091784574657
709,2017-12-21,0.015326318391562248
710,2017-12-22,-0.007258080645161295
711,2017-12-26,-0.006016243902439024
712,2017-12-27,-0.002454942797215788
713,2017-12-28,0.004424053816550171
714,2017-12-29,-0.012853905187990707
715,2018-01-02,0.0008191185973277882
716,2018-01-03,0.005553740516926752
717,2018-01-04,0.005647015166182696
718,2018-01-05,-0.00015930529507032583
719,2018-01-08,-0.0098946536865624
720,2018-01-09,-0.0006420706363092658
721,2018-01-10,0.010243261843790062
722,2018-01-11,-0.010055050744538822
723,2018-01-12,-0.010284841609417074
724,2018-01-16,-0.004618585688507899
725,2018-01-17,0.016388274188966573
726,2018-01-18,0.0012525755636852343
727,2018-01-19,0.0010911768950528746
728,2018-01-22,0.011406296874999944
729,2018-01-23,0.002798942708721696
730,2018-01-24,0.008160215927338692
731,2018-01-25,-0.0007609589388565052
732,2018-01-26,0.0006070875794064548
733,2018-01-29,0.000608102776042753
734,2018-01-30,-0.0022925416475623283
735,2018-01-31,0.007813727952216699
736,2018-02-01,0.0021416397976913525
737,2018-02-02,-0.019286728324300374
738,2018-02-05,-0.00919933544805227
739,2018-02-06,0.006501476014760147
740,2018-02-07,0.010537443107436591
741,2018-02-08,-0.033664746776042316
742,2018-02-09,-0.0001780904912378616
743,2018-02-12,0.0024840134406669562
744,2018-02-13,0.03460576106661147
745,2018-02-14,0.02938636229512057
746,2018-02-15,0.003343363423604193
747,2018-02-16,0.004692525714514029
748,2018-02-20,0.0015035081606497704
749,2018-02-21,-0.0021717507154735936
750,2018-02-22,-0.01786907117787123
751,2018-02-23,0.0016928728627052542
752,2018-02-26,0.003682025104602568
753,2018-02-27,-0.013659836975842582
754,2018-02-28,-0.017824129513635066
755,2018-03-01,-0.01613732188841202
756,2018-03-02,0.008608608875917335
757,2018-03-05,0.01372995927248802
758,2018-03-06,-0.011089915284871224
759,2018-03-07,0.0035460282430486213
760,2018-03-08,-0.0005286167400880451
761,2018-03-09,0.018719384184744583
762,2018-03-12,-0.004290372404324695
763,2018-03-13,-0.014214728792853779
764,2018-03-14,-0.021258209103729483
765,2018-03-15,0.0010569314778932045
766,2018-03-16,-0.01912616181343521
767,2018-03-19,-0.007158213901964733
768,2018-03-20,-0.015599748968979782
769,2018-03-21,-0.004180279898218947
770,2018-03-22,-0.03099059271334808
771,2018-03-23,-0.03300457069414711
772,2018-03-26,0.006544754445721691
773,2018-03-27,-0.024809235694304006
774,2018-03-28,0.006254886630179834
775,2018-03-29,0.006722992571590555
776,2018-04-02,-0.01947681916129119
777,2018-04-03,0.006960576044845724
778,2018-04-04,0.03481320096199483
779,2018-04-05,-0.001499850018747663
780,2018-04-06,-0.007977245660883427
781,2018-04-09,-0.004761904761904762
782,2018-04-10,-0.006982505869692117
783,2018-04-11,-0.007454128440366983
784,2018-04-12,0.010352779907975533
785,2018-04-13,-0.021534301924026222
786,2018-04-16,0.004150998220992217
787,2018-04-17,-0.007458311924272583
788,2018-04-18,-0.0076801892020516484
789,2018-04-19,0.020392061785470542
790,2018-04-20,0.012131735027922204
791,2018-04-23,0.0011418078238212188
792,2018-04-24,-0.00830978265703899
793,2018-04-25,0.012776544866066771
794,2018-04-26,-0.010379373074943396
795,2018-04-27,0.001530260166990446
796,2018-04-30,-0.011415562948714486
797,2018-05-01,0.015456009097991013
798,2018-05-02,-0.003627376792146296
799,2018-05-03,-0.001549748189650359
800,2018-05-04,0.02423298902610856
801,2018-05-07,-0.005852388033747759
802,2018-05-08,0.008914984656392492
803,2018-05-09,0.005799756673531264
804,2018-05-10,0.0096065211600495
805,2018-05-11,-0.004388334327817412
806,2018-05-14,-0.005476433104717649
807,2018-05-15,0.005879110784493851
808,2018-05-16,0.006215722007025124
809,2018-05-17,-0.003308841790116059
810,2018-05-18,-0.008310267467764827
811,2018-05-21,0.008505898354071737
812,2018-05-22,0.011532070079954842
813,2018-05-23,0.020897710719565945
814,2018-05-24,-0.021478450357588164
815,2018-05-25,0.005494578955845406
816,2018-05-29,-0.02017024389026189
817,2018-05-30,0.010622437569884464
818,2018-05-31,-0.00405823656259441
819,2018-06-01,0.0023826612466521123
820,2018-06-04,0.0007300784681497584
821,2018-06-05,-0.0020143013731129013
822,2018-06-06,0.01571639225664482
823,2018-06-07,-0.0025102922718307887
824,2018-06-08,0.0021598091763893232
825,2018-06-11,-0.005018874260281758
826,2018-06-12,-0.004672861334882537
827,2018-06-13,-0.004152356095908334
828,2018-06-14,-0.010663292584012619
829,2018-06-15,0.00788269491993936
830,2018-06-18,0.010456870682695628
831,2018-06-19,0.00731532553035846
832,2018-06-20,-0.017670375363692422
833,2018-06-21,0.0022119631336405526
834,2018-06-22,-0.01855895230274664
835,2018-06-25,0.0033469691957414656
836,2018-06-26,-0.008719888359187833
837,2018-06-27,0.0007512584240699243
838,2018-06-28,0.0014939682818668279
839,2018-06-29,-0.0032362460128774855
840,2018-07-02,0.020289836588952236
841,2018-07-03,-0.015417313485734538
842,2018-07-05,-0.0121601578025808
843,2018-07-06,0.0106690779506163
844,2018-07-09,0.010322139354371635
845,2018-07-10,-0.007711216128439952
846,2018-07-11,-0.005851099083294365
847,2018-07-12,-0.007616011470351014
848,2018-07-13,0.011326250956293351
849,2018-07-16,0.02242554637870304
850,2018-07-17,-0.006848112259032279
851,2018-07-18,0.005510167277289936
852,2018-07-19,0.0012442943919051914
853,2018-07-20,0.006063848760477908
854,2018-07-23,0.02855117979342395
855,2018-07-24,0.0060344482758620584
856,2018-07-25,0.0022375560150621264
857,2018-07-26,-0.002736445993903843
858,2018-07-27,0.004282288381598349
859,2018-07-30,-0.0057793640734535995
860,2018-07-31,-0.02252175358263516
861,2018-08-01,-0.0053484645505256605
862,2018-08-02,0.02119829988793617
863,2018-08-03,0.01326215960623219
864,2018-08-06,0.00529185710850612
865,2018-08-07,-0.0020359518499482834
866,2018-08-08,0.0073179206030605575
867,2018-08-09,-0.003580613688640631
868,2018-08-10,0.011676507290405931
869,2018-08-13,-0.0008671349288935082
870,2018-08-14,0.006936050179852627
871,2018-08-15,0.005374514563106748
872,2018-08-16,0.008943945802269338
873,2018-08-17,0.005981934916490577
874,2018-08-20,0.003740826326460984
875,2018-08-21,-0.0006779830508474003
876,2018-08-22,0.0022018461686679684
877,2018-08-23,-0.006440694915254238
878,2018-08-24,-0.003565415838186226
879,2018-08-27,0.003906896618088942
880,2018-08-28,-0.0020273526275950767
881,2018-08-29,-0.001524132117258737
882,2018-08-30,-0.0035793251603655463
883,2018-08-31,0.0036039128196326364
884,2018-09-04,0.005987989632369713
885,2018-09-05,0.0011888586754609648
886,2018-09-06,-0.016635545747750755
887,2018-09-07,-0.008977831801720694
888,2018-09-10,-0.002776813654578449
889,2018-09-11,-0.0003484494652108305
890,2018-09-12,-0.024245647156963295
891,2018-09-13,-0.018032459133456906
892,2018-09-14,-0.008334825300504233
893,2018-09-17,-0.00803651141552512
894,2018-09-18,0.004608294930875576
895,2018-09-19,0.01339693472575036
896,2018-09-20,-0.0014381089081770887
897,2018-09-21,-0.013632251121076288
898,2018-09-24,-0.009854033026533388
899,2018-09-25,-0.0012891160458401263
900,2018-09-26,-0.02243473662312002
901,2018-09-27,-0.00863361502690712
902,2018-09-28,-0.002467223428871208
903,2018-10-01,-0.009290898396249529
904,2018-10-02,-0.0021056852180058668
905,2018-10-03,0.0028571809523809644
906,2018-10-04,0.014792300398255381
907,2018-10-05,-0.009497243771001048
908,2018-10-08,0.013023744809362076
909,2018-10-09,0.0028100036940800453
910,2018-10-10,-0.023649925071696005
911,2018-10-11,-0.017945818672282954
912,2018-10-12,0.0001919961685986541
913,2018-10-15,0.013902190588542659
914,2018-10-16,0.007878427914492014
915,2018-10-17,0.01680354710971726
916,2018-10-18,-0.019752631336630293
917,2018-10-19,-0.00357955902111679
918,2018-10-22,-0.026757075560580358
919,2018-10-23,0.014162096774193476
920,2018-10-24,-0.021828142236832142
921,2018-10-25,0.026321037528617416
922,2018-10-26,-0.0013639906469212837
923,2018-10-29,0.0067463182971025165
924,2018-10-30,0.004575748244504322
925,2018-10-31,0.0035821831903811666
926,2018-11-01,0.002433108740408011
927,2018-11-02,-0.011068031932633064
928,2018-11-05,-0.0013028103480364841
929,2018-11-06,0.0035606820921911674
930,2018-11-07,-0.004459271646228166
931,2018-11-08,0.004914895844427301
932,2018-11-09,-0.0009417781126390428
933,2018-11-12,-0.014681027391661458
934,2018-11-13,0.0022805587662591362
935,2018-11-14,-0.01862997776872375
936,2018-11-15,0.02483505966559845
937,2018-11-16,0.005508014985450516
938,2018-11-19,0.006607494683641724
939,2018-11-20,-0.009613534582724554
940,2018-11-21,-0.0036107754392013624
941,2018-11-23,-0.0026938425496663564
942,2018-11-26,0.010510204069932956
943,2018-11-27,0.009489466872071872
944,2018-11-28,0.022577534427938473
945,2018-11-29,0.0012970168371868878
946,2018-11-30,0.0036981692419315406
947,2018-12-03,-0.009857557682686334
948,2018-12-04,-0.040222464500047066
949,2018-12-06,0.008687028284816312
950,2018-12-07,-0.012379662259376346
951,2018-12-10,-0.025364509686438996
952,2018-12-11,-0.033394090265128386
953,2018-12-12,-0.011389500696013648
954,2018-12-13,-0.019595621855417657
955,2018-12-14,-0.00021477981127353106
956,2018-12-17,0.008437905485981998
957,2018-12-18,-0.008947571558320594
958,2018-12-19,-0.015520608224199432
959,2018-12-20,0.014096893652119134
960,2018-12-21,-0.010309300285150327
961,2018-12-24,-0.019563817864542078
962,2018-12-26,0.03991788321167883
963,2018-12-27,0.018112656124493223
964,2018-12-28,0.002189119964973661
965,2018-12-31,0.0021749021313615374
966,2019-01-02,0.03096859281723252
967,2019-01-03,-0.0017149409768514126
968,2019-01-04,0.011176782419940226
969,2019-01-07,-0.0029300963359164883
970,2019-01-08,-0.007515678183061538
971,2019-01-09,0.006103999415028319
972,2019-01-10,0.005263157894736842
973,2019-01-11,0.007789452631578947
974,2019-01-14,0.01915386315107815
975,2019-01-15,0.001470588297083548
976,2019-01-16,0.016406998280083136
977,2019-01-17,0.012129955019119013
978,2019-01-18,0.0185336056429168
979,2019-01-22,0.001808338356439497
980,2019-01-23,0.0023999799999999995
981,2019-01-24,0.0038160071537255095
982,2019-01-25,-0.005357162485826897
983,2019-01-28,0.0010046212577857576
984,2019-01-29,0.0014061671636434307
985,2019-01-30,0.005016051364365971
986,2019-01-31,-0.00750809674326495
987,2019-02-01,-0.0018367346938776205
988,2019-02-04,0.004298935692893998
989,2019-02-05,0.0
990,2019-02-06,0.0026482175595844374
991,2019-02-07,-0.020574414341006375
992,2019-02-08,-0.006049165749878293
993,2019-02-11,-0.004595717664418571
994,2019-02-12,0.02166217544937195
995,2019-02-13,-0.004467952702357604
996,2019-02-14,-0.002261998719679173
997,2019-02-15,0.0026482175595844374
998,2019-02-19,0.007138527577779545
999,2019-02-20,0.007687659316204735
1000,2019-02-21,-0.004019232476657321
1001,2019-02-22,-0.011693508536028494
1002,2019-02-25,0.008120219574511423
1003,2019-02-26,0.002020569730427703
1004,2019-02-27,0.006251300665456689
1005,2019-02-28,-0.0018007402961183231
1006,2019-03-01,-0.00398170416086005
1007,2019-03-04,-0.0035792403344752314
1008,2019-03-05,-0.002798321063328294
1009,2019-03-06,-0.0030018210325831922
1010,2019-03-07,-0.0006034801972135155
1011,2019-03-08,0.010962261914829892
1012,2019-03-11,-0.004800039999999939
1013,2019-03-12,-0.0026114303457498247
1014,2019-03-13,0.0010025867455902633
1015,2019-03-14,0.005592131016576774
1016,2019-03-15,0.008761429534818073
1017,2019-03-18,0.01750590086546014
1018,2019-03-19,-0.019267417751523054
1019,2019-03-20,-0.015432643395832057
1020,2019-03-21,-0.0024009403761504596
1021,2019-03-22,-0.01908627411167513
1022,2019-03-25,-0.007021809459802111
1023,2019-03-26,0.010098887056883757
1024,2019-03-27,-0.0034736208310914988
1025,2019-03-28,0.00738764621383145
1026,2019-03-29,-0.029718856018450913
1027,2019-04-01,0.007846396861449516
1028,2019-04-02,-0.007412003294214472
1029,2019-04-03,0.008046213987080244
1030,2019-04-04,0.004494320643629799
1031,2019-04-05,-0.00974419446789272
1032,2019-04-08,0.004934251746181099
1033,2019-04-09,-0.011092871815940769
1034,2019-04-10,-0.006031634524474515
1035,2019-04-11,-0.00479464238493567
1036,2019-04-12,-0.026387392670157134
1037,2019-04-15,0.019620689331168357
1038,2019-04-16,0.016424935656464697
1039,2019-04-17,-0.008548790837130827
1040,2019-04-18,0.0029511594213988096
1041,2019-04-22,-0.003163931659987208
1042,2019-04-23,0.003177902475044419
1043,2019-04-24,0.008924755441462848
1044,2019-04-25,0.007207971473732168
1045,2019-04-26,0.00925923821548822
1046,2019-04-29,0.0062538877161999575
1047,2019-04-30,0.0012409928124505244
1048,2019-05-01,-0.0018625827814570243
1049,2019-05-02,-0.0010341055236444826
1050,2019-05-03,0.0026793487221763706
1051,2019-05-06,0.009168534729379733
1052,2019-05-07,-0.018314277176155615
1053,2019-05-08,-0.0012749893481727667
1054,2019-05-09,0.016086999999999935
1055,2019-05-10,0.015944882568412068
1056,2019-05-13,0.0010804451400269865
1057,2019-05-14,0.002371733454684421
1058,2019-05-15,-0.003911342894393735
1059,2019-05-16,-0.001956947077323378
1060,2019-05-17,0.005721875125921549
1061,2019-05-20,-0.00372639201504585
1062,2019-05-21,0.015563415509938972
1063,2019-05-22,0.0006511395702192116
1064,2019-05-23,-0.005891359114494487
1065,2019-05-24,0.008959790601389375
1066,2019-05-28,-0.010418927718688884
1067,2019-05-29,0.0019828376731181197
1068,2019-05-30,-0.01400744175984772
1069,2019-05-31,-0.0035930833953083316
1070,2019-06-03,0.006329068429969922
1071,2019-06-04,0.011514614703277307
1072,2019-06-05,-0.00021796381552140561
1073,2019-06-06,0.003935198778522195
1074,2019-06-07,-0.005882374471356245
1075,2019-06-10,0.0045592487069204225
1076,2019-06-11,0.009162260034904005
1077,2019-06-12,-0.02390780369084142
1078,2019-06-13,0.004212927016094264
1079,2019-06-14,0.006179629084537069
1080,2019-06-17,-0.00680127218950094
1081,2019-06-18,0.01878448618784529
1082,2019-06-19,-0.01785709982788288
1083,2019-06-20,0.00021816794844783946
1084,2019-06-21,0.02290573734729493
1085,2019-06-24,-0.006015016240924013
1086,2019-06-25,0.00021673530854688383
1087,2019-06-26,-0.00887253860360403
1088,2019-06-27,0.0015144958564581852
1089,2019-06-28,0.01089508628722312
1090,2019-07-01,-0.00396829565646834
1091,2019-07-02,-0.006102693602693734
1092,2019-07-03,0.007611014960063676
1093,2019-07-05,-0.006860665565931962
1094,2019-07-08,0.0027425526268964277
1095,2019-07-09,0.011205137657613919
1096,2019-07-10,-0.010908244636385322
1097,2019-07-11,-0.0014827367397317734
1098,2019-07-12,0.005093421160726191
1099,2019-07-15,-0.014557024702235187
1100,2019-07-16,-0.030393877774103722
1101,2019-07-17,0.0002211946853718667
1102,2019-07-18,0.01326844287332052
1103,2019-07-19,0.0015230635666461433
1104,2019-07-22,0.012856853625121973
1105,2019-07-23,0.01113969580119967
1106,2019-07-24,0.0243129392032334
1107,2019-07-25,-0.008862324814509475
1108,2019-07-26,0.023883633483545837
1109,2019-07-29,-0.022276265243494093
1110,2019-07-30,0.01124767803572907
1111,2019-07-31,0.003108205682063922
1112,2019-08-01,-0.027886779590993532
1113,2019-08-02,0.007004839588095176
1114,2019-08-05,-0.007741956989247245
1115,2019-08-06,0.00686545790891536
1116,2019-08-07,-0.00564356414152378
1117,2019-08-08,0.015539571362214307
1118,2019-08-09,0.00608428943937411
1119,2019-08-12,-0.001757811547256129
1120,2019-08-13,0.007673711737037815
1121,2019-08-14,-0.023322945357618828
1122,2019-08-15,-0.02076744967872346
1123,2019-08-16,0.014860470285300997
1124,2019-08-19,0.002658962936872081
1125,2019-08-20,-0.00799291722928685
1126,2019-08-21,0.0008897019770840436
1127,2019-08-22,0.0063974627664918175
1128,2019-08-23,-0.017256703158037557
1129,2019-08-26,0.006038939969557894
1130,2019-08-27,-0.01061242538138397
1131,2019-08-28,0.01859323518354022
1132,2019-08-29,0.0041304130434782664
1133,2019-08-30,0.0006445852891151349
1134,2019-09-03,-0.004750615315253315
1135,2019-09-04,-0.000859497188235914
1136,2019-09-05,0.006552483480184247
1137,2019-09-06,-0.009037410296872196
1138,2019-09-09,0.023034657650042187
1139,2019-09-10,0.00499273975452464
1140,2019-09-11,0.011596541486921956
1141,2019-09-12,0.0026793487221763706
1142,2019-09-13,-0.0018363600014838484
1143,2019-09-16,0.010730520237938789
1144,2019-09-17,0.001231971227269641
1145,2019-09-18,0.006169010771766171
1146,2019-09-19,-0.0016330270817298672
1147,2019-09-20,-0.008966761768901575
1148,2019-09-23,0.013245012417218607
1149,2019-09-24,-0.00673740302164141
1150,2019-09-25,0.010876215883439488
1151,2019-09-26,-0.007715756345177666
1152,2019-09-27,0.00615073388290744
1153,2019-09-30,-0.006499921213315006
1154,2019-10-01,-0.03139192373575821
1155,2019-10-02,-0.005131362784660041
1156,2019-10-03,0.003726728855625798
1157,2019-10-04,0.011302897657213457
1158,2019-10-07,-0.0028600612285993735
1159,2019-10-08,-0.00891191709844559
1160,2019-10-09,-0.0004151131581944225
1161,2019-10-10,0.006621146011953409
1162,2019-10-11,-0.005054589669522638
1163,2019-10-14,0.003666734569158682
1164,2019-10-15,0.01684257339372106
1165,2019-10-16,-0.008992825559695597
1166,2019-10-17,-0.007402941176470588
1167,2019-10-18,0.012768565058775841
1168,2019-10-21,0.0035799523385035637
1169,2019-10-22,0.0035685964228508353
1170,2019-10-23,0.004140358751175818
1171,2019-10-24,0.008685313857086515
1172,2019-10-25,0.009592756084856848
1173,2019-10-28,-0.005583307770183046
1174,2019-10-29,0.013009669902912614
1175,2019-10-30,0.0028912489805078554
1176,2019-10-31,-0.002704249565385418
1177,2019-11-01,0.0009591214088025757
1178,2019-11-04,0.002662590237254139
1179,2019-11-05,0.010618069373603793
1180,2019-11-06,0.009570238139046068
1181,2019-11-07,0.004090758722401677
1182,2019-11-08,0.005015715957060507
1183,2019-11-11,0.004833574924083066
1184,2019-11-12,0.008744204651162855
1185,2019-11-13,-0.009663631115710314
1186,2019-11-14,0.0050732994161348
1187,2019-11-15,0.00037188546619354023
1188,2019-11-18,0.0029717682020801743
1189,2019-11-19,-0.0012938817483875472
1190,2019-11-20,-0.003536180904522618
1191,2019-11-21,-0.0052005757800892205
1192,2019-11-22,0.007050036844154401
1193,2019-11-25,-0.005868329467601736
1194,2019-11-26,-0.005544261586688885
1195,2019-11-27,0.003508734865790084
1196,2019-11-29,0.007212853708156151
1197,2019-12-02,-0.01270487916212706
1198,2019-12-03,-0.00811160189064717
1199,2019-12-04,0.012167376888493371
1200,2019-12-05,-0.00337015540161018
1201,2019-12-06,0.009468956378222182
1202,2019-12-09,-0.004615100779586516
1203,2019-12-10,0.0037389604135741727
1204,2019-12-11,-0.010606698525988096
1205,2019-12-12,0.018549784870709796
1206,2019-12-13,-0.004810323863280794
1207,2019-12-16,-0.0003687499864029042
1208,2019-12-17,0.004250582068923017
1209,2019-12-18,-0.014506078121668781
1210,2019-12-19,-0.002046910977040844
1211,2019-12-20,-0.01332094381722374
1212,2019-12-23,0.008811417322834577
1213,2019-12-24,-0.0024096570452334194
1214,2019-12-26,0.0018501942988010222
1215,2019-12-27,-0.006815306560778973
1216,2019-12-30,-0.010522429777457262
1217,2019-12-31,0.005043900710702482
1218,2020-01-02,-0.0018569731423202535
1219,2020-01-03,0.005836885599004278
1220,2020-01-06,0.006825862463941553
1221,2020-01-07,-0.007351536425099709
1222,2020-01-08,-0.00037850113550346565
1223,2020-01-09,-0.008834605097093953
1224,2020-01-10,-0.005493483510257874
1225,2020-01-13,-0.0074285523809524395
1226,2020-01-14,-0.01851485168226154
1227,2020-01-15,-0.010444439465720276
1228,2020-01-16,0.016302125800704136
1229,2020-01-17,-0.003848470809164899
1230,2020-01-21,-0.0030556325117132442
1231,2020-01-22,-0.009585927178990905
1232,2020-01-23,-0.003513081287726409
1233,2020-01-24,-0.012865719295823185
1234,2020-01-27,0.004478545627608059
1235,2020-01-28,-0.0029467271288877574
1236,2020-01-29,-0.0031631802261990086
1237,2020-01-30,0.01568798031324905
1238,2020-01-31,-0.010122290599843538
1239,2020-02-03,-0.0025402835503689643
1240,2020-02-04,-0.009224381357979369
1241,2020-02-05,0.008559477721942457
1242,2020-02-06,-0.009496263614704108
1243,2020-02-07,0.0023046302116070927
1244,2020-02-10,0.002097797444841585
1245,2020-02-11,-0.0018718801218020626
1246,2020-02-12,-0.008917461449243992
1247,2020-02-13,0.010499790224691101
1248,2020-02-14,0.0016618612725771006
1249,2020-02-18,-0.020429413791340268
1250,2020-02-19,-0.003386243386243314
1251,2020-02-20,0.0072340425531915616
1252,2020-02-21,0.004633550968829054
1253,2020-02-24,-0.004079068094501096
1254,2020-02-25,-0.02527548011934579
1255,2020-02-26,-0.0294635224274405
1256,2020-02-27,-0.019621398891966686
1257,2020-02-28,-0.011135390676945285
1258,2020-03-02,0.031234699853587268
1259,2020-03-03,-0.03637665153645629
1260,2020-03-04,0.00950997364106181
1261,2020-03-05,-0.027499949999999985
1262,2020-03-06,0.0024324324324325247
1263,2020-03-09,-0.03677345679794038
1264,2020-03-10,0.012994541929120947
1265,2020-03-11,-0.050513863451214766
1266,2020-03-12,-0.0875544477542586
1267,2020-03-13,0.024543913764510813
1268,2020-03-16,0.006074411541381934
1269,2020-03-17,0.07238509129153424
1270,2020-03-18,0.01516245432626512
1271,2020-03-19,0.022776608821402748
1272,2020-03-20,-0.07601115760111575
1273,2020-03-23,-0.03846153846153852
1274,2020-03-24,0.07270033652449326
1275,2020-03-25,-0.0010345172413792625
1276,2020-03-26,0.05352881009205593
1277,2020-03-27,0.008660926049300435
1278,2020-03-30,-0.014492786083900285
1279,2020-03-31,-0.024141414484869086
1280,2020-04-01,-0.01665433012583269
1281,2020-04-02,0.028333964047373025
1282,2020-04-03,-0.028518518518518502
1283,2020-04-06,0.044509266690988744
1284,2020-04-07,-0.06439024390243904
1285,2020-04-08,0.0320382072256305
1286,2020-04-09,0.06683804412474158
1287,2020-04-13,-0.05388323137016172
1288,2020-04-14,-0.06010591528788795
1289,2020-04-15,-0.011470246784845354
1290,2020-04-16,-0.04915141268912965
1291,2020-04-17,0.00817047957371236
1292,2020-04-20,0.012806439809732947
1293,2020-04-21,-0.002230483271375417
1294,2020-04-22,-0.02545458181818183
1295,2020-04-23,-0.015584415006144218
1296,2020-04-24,0.00447764942080789
1297,2020-04-27,0.037997769894126114
1298,2020-04-28,-0.024662128378378476
1299,2020-04-29,-0.0033222591362126715
1300,2020-04-30,-0.009208765347885423
1301,2020-05-01,-0.031929824561403516
1302,2020-05-04,0.014465912999477545
1303,2020-05-05,-0.04360465116279067
1304,2020-05-06,-0.03212388632365403
1305,2020-05-07,-0.014067995310668208
1306,2020-05-08,-0.008190288930978501
1307,2020-05-11,-0.01314217390911302
1308,2020-05-12,-0.03685889570748779
1309,2020-05-13,-0.05929018541585872
1310,2020-05-14,0.08721193344834763
1311,2020-05-15,-0.013929927651754777
1312,2020-05-18,0.03503059205827261
1313,2020-05-19,-0.04199995999999999
1314,2020-05-20,0.0012249897917517819
1315,2020-05-21,0.0028700288179593727
1316,2020-05-22,-0.011047503639627391
1317,2020-05-26,0.04830343506201345
1318,2020-05-27,0.005395755589775404
1319,2020-05-28,-0.03884184322033894
1320,2020-05-29,-0.0011321132075471174
1321,2020-06-01,0.018038293196606773
1322,2020-06-02,-0.006526468455402456
1323,2020-06-03,0.015498450704418791
1324,2020-06-04,0.025101729986431513
1325,2020-06-05,-0.06550602140767255
1326,2020-06-08,0.01276589588049264
1327,2020-06-09,0.0058570285405989
1328,2020-06-10,-0.08018576099646318
1329,2020-06-11,-0.015073528857590855
1330,2020-06-12,-0.0010714642857142362
1331,2020-06-15,0.050260534241975616
1332,2020-06-16,-0.030920829085966706
1333,2020-06-17,-0.036842070175438585
1334,2020-06-18,0.016605129151291448
1335,2020-06-19,-0.014285714285714235
1336,2020-06-22,0.0029336266960030013
1337,2020-06-23,-0.019798451411142795
1338,2020-06-24,-0.031157197001379762
1339,2020-06-25,0.054314408871895516
1340,2020-06-26,-0.029118773946360213
1341,2020-06-29,0.004298593200468951
1342,2020-06-30,0.015470091847286531
1343,2020-07-01,-0.02487368830159349
1344,2020-07-02,-0.015922330097087385
1345,2020-07-06,-0.012780790085205338
1346,2020-07-07,-0.02936515756487472
1347,2020-07-08,0.004500736313390533
1348,2020-07-09,-0.018775469387755095
1349,2020-07-10,0.05334983457402819
1350,2020-07-13,-0.01587916343919443
1351,2020-07-14,0.013795986622073507
1352,2020-07-15,0.014811849479583706
1353,2020-07-16,0.02207944600562022
1354,2020-07-17,-0.02118473911337772
1355,2020-07-20,-0.006067920957440212
1356,2020-07-21,0.058585898989899
1357,2020-07-22,0.004975162838697393
1358,2020-07-23,0.007262996941896073
1359,2020-07-24,-0.007933472154645712
1360,2020-07-27,-0.020368946963873986
1361,2020-07-28,0.00789581523884723
1362,2020-07-29,0.012966600669288708
1363,2020-07-30,-0.021437117052913186
1364,2020-07-31,-0.009795918367346876
1365,2020-08-03,0.0016495257731958836
1366,2020-08-04,0.0008263636022164243
1367,2020-08-05,0.0
1368,2020-08-06,0.0016528511713697087
1369,2020-08-07,0.038955699915279675
1370,2020-08-10,-0.020618478216434546
1371,2020-08-11,0.0011862000321787298
1372,2020-08-12,-0.030407967667436555
1373,2020-08-13,0.0028055710298368025
1374,2020-08-14,0.0205727301100149
1375,2020-08-17,-0.022373231227597525
1376,2020-08-18,-0.015560974610974672
1377,2020-08-19,0.002498958767180288
1378,2020-08-20,0.00042122999157546607
1379,2020-08-21,0.0
1380,2020-08-24,0.028991639873598263
1381,2020-08-25,-0.005254607922392804
1382,2020-08-26,-0.019175805793553706
1383,2020-08-27,0.025010421008753708
1384,2020-08-28,-0.0024242020202020704
1385,2020-08-31,-0.013883217639852997
1386,2020-09-01,0.0012489175686927606
1387,2020-09-02,0.0233236151603498
1388,2020-09-03,-0.011290282713317857
1389,2020-09-04,-0.008399959999999993
1390,2020-09-08,-0.012767791895889842
1391,2020-09-09,-0.007080383173677705
1392,2020-09-10,-0.0033291717299553294
1393,2020-09-11,0.014632107023411282
1394,2020-09-14,0.0176374084346763
1395,2020-09-15,-0.0032051283335387272
1396,2020-09-16,0.0337755515168657
1397,2020-09-17,-0.0047562029330162495
1398,2020-09-18,0.007618203383392117
1399,2020-09-21,-0.016768915469574014
1400,2020-09-22,-0.013761467889908334
1401,2020-09-23,-0.039949577798587994
1402,2020-09-24,0.015679486745622265
1403,2020-09-25,0.022491262002973144
1404,2020-09-28,-0.007086285952480124
1405,2020-09-29,-0.019392876028367447
1406,2020-09-30,0.006421189793613498
1407,2020-10-01,-0.000424310564276582
1408,2020-10-02,0.03628509719222462
1409,2020-10-05,0.009496367031228982
1410,2020-10-06,-0.02025931928687196
1411,2020-10-07,0.015970475020475
1412,2020-10-08,0.01688102961740465
1413,2020-10-09,-0.0035447027784443735
1414,2020-10-12,0.019047578609223046
1415,2020-10-13,-0.026750590086546153
1416,2020-10-14,-0.042027194066749055
1417,2020-10-15,-0.004770078264097102
1418,2020-10-16,-0.006518861364624124
1419,2020-10-19,-0.015290433171272719
1420,2020-10-20,0.0035195336559613205
1421,2020-10-21,-0.005258501314636283
1422,2020-10-22,0.026037069726390107
1423,2020-10-23,-0.012722603901611522
1424,2020-10-26,-0.011754375783821368
1425,2020-10-27,-0.03494033458910507
1426,2020-10-28,-0.002355157795572337
1427,2020-10-29,0.004275534644918504
1428,2020-10-30,0.01658772511848336
1429,2020-11-02,0.009216543354076262
1430,2020-11-03,-0.009861004476064807
1431,2020-11-04,0.00597696551724145
1432,2020-11-05,0.0201005491137756
1433,2020-11-06,-0.026222222222222216
1434,2020-11-09,0.007906699629350943
1435,2020-11-10,-0.00697865324389772
1436,2020-11-11,-0.0016508047874536388
1437,2020-11-12,-0.0041823923044750685
1438,2020-11-13,0.006691760769552494
1439,2020-11-16,-0.0036014405762304865
1440,2020-11-17,0.02079086747693168
1441,2020-11-18,-0.003578568588469079
1442,2020-11-19,0.03850730295723297
1443,2020-11-20,-0.02150541392068302
1444,2020-11-23,0.013487398324185012
1445,2020-11-24,0.04187917122648113
1446,2020-11-25,0.009177550300035354
1447,2020-11-27,-0.004547079398391047
1448,2020-11-30,-0.03798804080196969
1449,2020-12-01,-0.003197193605683742
1450,2020-12-02,0.03143983565559129
1451,2020-12-03,0.007601900221081589
1452,2020-12-04,0.0016948813559321927
1453,2020-12-07,-0.00271923861318837
1454,2020-12-08,-0.0031002410230712655
1455,2020-12-09,-0.0064979822161422285
1456,2020-12-10,0.026810620710676105
1457,2020-12-11,0.002067539627842823
1458,2020-12-14,-0.030467229842003073
1459,2020-12-15,0.020597357384049306
1460,2020-12-16,0.00033741566590467963
1461,2020-12-17,-0.011073825874960542
1462,2020-12-18,-0.015609060590738391
1463,2020-12-21,-0.0006763949949273115
1464,2020-12-22,-0.023271534569983095
1465,2020-12-23,0.03654368044591265
1466,2020-12-24,-0.014856420770669513
1467,2020-12-28,-0.004986702127659528
1468,2020-12-29,-0.012271940298507462
1469,2020-12-30,-0.001677818848248944
1470,2020-12-31,0.014453781512605032
1471,2021-01-04,-0.020448515831134564
1472,2021-01-05,0.014622831505483509
1473,2021-01-06,0.024764858934169333
1474,2021-01-07,-0.004467003903096868
1475,2021-01-08,-0.012496340003084102
1476,2021-01-11,0.018382445416128653
1477,2021-01-12,-0.0017647352941176397
1478,2021-01-13,-0.0005913956238912065
1479,2021-01-14,0.019958908130319922
1480,2021-01-15,-0.0314389642419007
1481,2021-01-19,0.006788059240975115
1482,2021-01-20,-0.009762050328311274
1483,2021-01-21,-0.00990099009900991
1484,2021-01-22,0.017868538608806595
1485,2021-01-25,0.01129244075572259
1486,2021-01-26,-0.03416444849710983
1487,2021-01-27,-0.024256144890038807
1488,2021-01-28,0.009171241101498905
1489,2021-01-29,-0.02892430939226513
1490,2021-02-01,-0.004976742036388293
1491,2021-02-02,0.009520716005276302
1492,2021-02-03,0.031901107809280814
1493,2021-02-04,0.02478816991565197
1494,2021-02-05,-0.013333303030303037
1495,2021-02-08,0.01891406403032545
1496,2021-02-09,0.0015055405451833853
1497,2021-02-10,-0.008363172043010651
1498,2021-02-11,-0.014457830889824276
1499,2021-02-12,0.02695243326478191
1500,2021-02-16,0.02113299090108589
1501,2021-02-17,0.06552125800815375
1502,2021-02-18,0.014270033322448859
1503,2021-02-19,0.01885270619841891
1504,2021-02-22,-0.010883993144889378
1505,2021-02-23,-0.011971295557329084
1506,2021-02-24,0.02819546035470137
1507,2021-02-25,-0.02895550672182006
1508,2021-02-26,-0.025067386796085535
1509,2021-03-01,-0.000538965223956569
1510,2021-03-02,-0.0002692597432430163
1511,2021-03-03,0.009103106243807587
1512,2021-03-04,-0.012227512286749486
1513,2021-03-05,-0.011618669438042505
1514,2021-03-08,0.014161998055022332
1515,2021-03-09,-0.0010478648702051182
1516,2021-03-10,0.023267890382626697
1517,2021-03-11,-0.008669046183859185
1518,2021-03-12,0.011898759493670974
1519,2021-03-15,-0.009233815822310955
1520,2021-03-16,-0.0005080264289567444
1521,2021-03-17,0.004032258064516223
1522,2021-03-18,0.01643833043893744
1523,2021-03-19,-0.007761592582914191
1524,2021-03-22,-0.007892006310896116
1525,2021-03-23,-0.006753194805194884
1526,2021-03-24,-0.006256569179964228
1527,2021-03-25,0.03502759981491694
1528,2021-03-26,-0.0035088720045677586
1529,2021-03-29,-0.003628900796842885
1530,2021-03-30,0.022054955317723175
1531,2021-03-31,-0.00509294626941693
1532,2021-04-01,0.017197177032781664
1533,2021-04-05,-0.013739670590548847
1534,2021-04-06,0.010908168995848242
1535,2021-04-07,0.0037651104417669055
1536,2021-04-08,0.00401304248841332
1537,2021-04-09,0.0039662865642041785
1538,2021-04-12,0.007661913189864382
1539,2021-04-13,-0.017530839506172922
1540,2021-04-14,0.05768264338330865
1541,2021-04-15,0.00332551084681756
1542,2021-04-16,0.027419780989912487
1543,2021-04-19,0.006191240399191992
1544,2021-04-20,-0.01981569033107427
1545,2021-04-21,0.02367424130330297
1546,2021-04-22,-0.012944915069113104
1547,2021-04-23,0.026925825964079126
1548,2021-04-26,0.00022655789198833373
1549,2021-04-27,0.015769340296673588
1550,2021-04-28,-0.0015503875282220426
1551,2021-04-29,0.013590596527632474
1552,2021-04-30,-0.016375546209073062
1553,2021-05-03,0.0006600439898779443
1554,2021-05-04,0.010605479920701584
1555,2021-05-05,0.00021770084911823504
1556,2021-05-06,0.0112773799332601
1557,2021-05-07,0.013281101676464117
1558,2021-05-10,-0.005123868488471478
1559,2021-05-11,-0.0065188830943068155
1560,2021-05-12,-0.02541112426174992
1561,2021-05-13,0.020004395691167562
1562,2021-05-14,0.007725343679199386
1563,2021-05-17,0.020886701657574686
1564,2021-05-18,-0.02171191976150656
1565,2021-05-19,0.005006508598313191
1566,2021-05-20,-0.007380073800738082
1567,2021-05-21,-0.0019577985216925145
1568,2021-05-24,0.005217434782608629
1569,2021-05-25,-0.006466889555225032
1570,2021-05-26,0.006289329726971894
1571,2021-05-27,-0.004894743354128691
1572,2021-05-28,-0.0027747493180254974
1573,2021-06-01,0.0021203986429178642
1574,2021-06-02,-0.012030392316792064
1575,2021-06-03,-0.004926108479890883
1576,2021-06-04,-0.002124989330110647
1577,2021-06-07,0.00021237792833871333
1578,2021-06-08,-0.0027813648788461765
1579,2021-06-09,-0.006920501430774101
1580,2021-06-10,-0.029696599317912645
1581,2021-06-11,0.011066843736166445
1582,2021-06-14,-0.010085485417989714
1583,2021-06-15,0.005752168014332633
1584,2021-06-16,0.013793080894480957
1585,2021-06-17,-0.06551648688542287
1586,2021-06-18,0.0016794625719769743
1587,2021-06-21,0.02316784924746681
1588,2021-06-22,0.002994724717806958
1589,2021-06-23,0.010574689655172491
1590,2021-06-24,0.020786309118224464
1591,2021-06-25,0.017774873820495935
1592,2021-06-28,-0.004565195652173987
1593,2021-06-29,-0.02715030349369454
1594,2021-06-30,0.015015733191746523
1595,2021-07-01,-0.001539138082673709
1596,2021-07-02,-0.005077240730181901
1597,2021-07-06,-0.027721842164095685
1598,2021-07-07,0.0027727126333807004
1599,2021-07-08,-0.0061061998071301185
1600,2021-07-09,0.016905974988420492
1601,2021-07-12,0.020332740765543922
1602,2021-07-13,-0.012788330377064842
1603,2021-07-14,0.03096337297997126
1604,2021-07-15,0.009194886745907077
1605,2021-07-16,-0.024884408720546137
1606,2021-07-19,0.007960665136049202
1607,2021-07-20,0.04279069767441868
1608,2021-07-21,0.011260719557060797
1609,2021-07-22,-0.0176701788830717
1610,2021-07-23,-0.011308160146703243
1611,2021-07-26,0.012142950030516068
1612,2021-07-27,0.012334581744785819
1613,2021-07-28,0.002864631933348856
1614,2021-07-29,0.013292678433050235
1615,2021-07-30,-0.006917401941954316
1616,2021-08-02,-0.005430060698738908
1617,2021-08-03,0.018486341887777372
1618,2021-08-04,-0.0025934298681651717
1619,2021-08-05,0.0204126605952803
1620,2021-08-06,0.026736842105263222
1621,2021-08-09,-0.0002054665022605005
1622,2021-08-10,0.018469136055817837
1623,2021-08-11,0.02075355589857829
1624,2021-08-12,0.007683294234960323
1625,2021-08-13,-0.01640304660033294
1626,2021-08-16,-0.010414580412577671
1627,2021-08-17,-0.0034779459190272246
1628,2021-08-18,-0.008064515962272074
1629,2021-08-19,-0.0021118902687176327
1630,2021-08-20,0.006153129510860813
1631,2021-08-23,-0.002931916230366557
1632,2021-08-24,0.012774890052355957
1633,2021-08-25,0.013780378728514509
1634,2021-08-26,-0.009691096500930616
1635,2021-08-27,0.01198699691208857
1636,2021-08-30,-0.027130185977901494
1637,2021-08-31,-0.05598014872960125
1638,2021-09-01,-0.0492341345900627
1639,2021-09-02,0.02037545787545789
1640,2021-09-03,-0.007192717141257879
1641,2021-09-07,-0.00022560920577618536
1642,2021-09-08,-0.006799614841333058
1643,2021-09-09,0.011630627668443623
1644,2021-09-10,-0.014888844444444436
1645,2021-09-13,0.02692991411737184
1646,2021-09-14,0.0006518687527161355
1647,2021-09-15,0.016786571109365038
1648,2021-09-16,-0.013219679606836777
1649,2021-09-17,0.015959750067348195
1650,2021-09-20,0.01732183027585684
1651,2021-09-21,-0.0028273597216180407
1652,2021-09-22,0.012690900723127597
1653,2021-09-23,0.007163927668856383
1654,2021-09-24,0.0029300754066571475
1655,2021-09-27,-0.016949152192039026
1656,2021-09-28,-0.02318655703835604
1657,2021-09-29,0.012486501345823357
1658,2021-09-30,-0.015485766132494114
1659,2021-10-01,0.010096691946223316
1660,2021-10-04,0.0
1661,2021-10-05,0.009684189473684282
1662,2021-10-06,0.006094934590376848
1663,2021-10-07,-0.010360547466247304
1664,2021-10-08,0.00271570926918131
1665,2021-10-11,-0.01908717802723705
1666,2021-10-12,-0.013533495167403275
1667,2021-10-13,-0.011166008159759514
1668,2021-10-14,-0.029348736075407025
1669,2021-10-15,0.05818022619903259
1670,2021-10-18,0.025731500845227233
1671,2021-10-19,0.014101551452488955
1672,2021-10-20,-0.0005977087188227213
1673,2021-10-21,0.007607627475322774
1674,2021-10-22,0.0023743371117068237
1675,2021-10-25,-0.005305561118207196
1676,2021-10-26,-0.001971200473092782
1677,2021-10-27,-0.004178253250229007
1678,2021-10-28,0.019452163170858152
1679,2021-10-29,-0.0017560975609756764
1680,2021-11-01,0.002909193116578947
1681,2021-11-02,-0.0046566161300617154
1682,2021-11-03,0.018808757468480524
1683,2021-11-04,-0.018040737498365416
1684,2021-11-05,-0.010980411764705877
1685,2021-11-08,0.0063303660995126885
1686,2021-11-09,-0.012079227722772217
1687,2021-11-10,0.01246479644291128
1688,2021-11-11,0.003371717706137231
1689,2021-11-12,0.005524842146803545
1690,2021-11-15,-0.002148798635452208
1691,2021-11-16,-0.014478614469211162
1692,2021-11-17,-0.011503332467407005
1693,2021-11-18,0.005440277948009725
1694,2021-11-19,-0.003673469387755096
1695,2021-11-22,-0.005727848988191737
1696,2021-11-23,0.01360684310011517
1697,2021-11-24,-0.003882683124934373
1698,2021-11-26,-0.013645581003893313
1699,2021-11-29,-0.010267727411625889
1700,2021-11-30,-0.006859322243622493
1701,2021-12-01,-0.030396385919005602
1702,2021-12-02,0.024722396815420065
1703,2021-12-03,-0.030653635024508182
1704,2021-12-06,-0.0034707839934666625
1705,2021-12-07,0.015972523574050143
1706,2021-12-08,-0.015344758868074992
1707,2021-12-09,0.013667870257037884
1708,2021-12-10,-0.0017896201672375452
1709,2021-12-13,-0.026853726378608177
1710,2021-12-14,0.005760090397858791
1711,2021-12-15,-0.001632007343941307
1712,2021-12-16,0.011665285364736742
1713,2021-12-17,-0.03521126689715761
1714,2021-12-20,-0.004462452093870554
1715,2021-12-21,0.004622840932969034
1716,2021-12-22,0.0060745074958312665
1717,2021-12-23,-0.0008264669079973122
1718,2021-12-27,0.004531431607238621
1719,2021-12-28,-0.0028830930213531113
1720,2021-12-29,-0.003086358151701962
1721,2021-12-30,-0.008042977601856927
1722,2021-12-31,-0.0010409952330001024
1723,2022-01-03,0.036787247087676216
1724,2022-01-04,0.022683170892471072
1725,2022-01-05,-0.01190470566533285
1726,2022-01-06,0.00903102505998023
1727,2022-01-07,0.016895636522546782
1728,2022-01-10,-0.00270273873873875
1729,2022-01-11,0.008999279895621312
1730,2022-01-12,-0.00017723807835482992
1731,2022-01-13,-0.010600671752673903
1732,2022-01-14,0.021284134433918543
1733,2022-01-18,-0.01784480218564104
1734,2022-01-19,-0.026965522203370243
1735,2022-01-20,-0.012921769330190848
1736,2022-01-21,-0.01522939449541285
1737,2022-01-24,0.011189076427081423
1738,2022-01-25,0.017467287543849987
1739,2022-01-26,0.004266351326284669
1740,2022-01-27,-0.015384615948154363
1741,2022-01-28,0.010818839566893562
1742,2022-01-31,-0.0003716276477146154
1743,2022-02-01,0.01608181622657492
1744,2022-02-02,0.011941378686448283
1745,2022-02-03,-0.011998603151862531
1746,2022-02-04,0.005174892841276069
1747,2022-02-07,0.01630920049636596
1748,2022-02-08,0.01293103448275862
1749,2022-02-09,0.006132878941518236
1750,2022-02-10,-0.008396305766520668
1751,2022-02-11,-0.003588499658236558
1752,2022-02-14,-0.01128012344146728
1753,2022-02-15,-0.012516881131882292
1754,2022-02-16,0.003971662925228916
1755,2022-02-17,-0.01749781216105644
1756,2022-02-18,-0.009260925760964364
1757,2022-02-22,-0.005218661148101561
1758,2022-02-23,-0.03401964311619132
1759,2022-02-24,0.01835396129652092
1760,2022-02-25,0.01767919946132022
1761,2022-02-28,0.014060383544359041
1762,2022-03-01,-0.04099919986649892
1763,2022-03-02,0.01753704208885431
1764,2022-03-03,-0.021203362796690123
1765,2022-03-04,-0.024980015488009284
1766,2022-03-07,-0.0570193677637148
1767,2022-03-08,-0.004712960582690581
1768,2022-03-09,0.007583500561928662
1769,2022-03-10,0.015540821199370957
1770,2022-03-11,-0.024159392959911055
1771,2022-03-14,0.0040274063632702445
1772,2022-03-15,-0.00099679027113237
1773,2022-03-16,0.010773731846694055
1774,2022-03-17,0.009016072128576906
1775,2022-03-18,0.0112094399689062
1776,2022-03-21,-0.01006583430120003
1777,2022-03-22,0.018698702537683774
1778,2022-03-23,-0.03108413688719251
1779,2022-03-24,-0.007348617430837757
1780,2022-03-25,0.021177384472947577
1781,2022-03-28,-0.004228291451629604
1782,2022-03-29,-0.027516075621634467
1783,2022-03-30,-0.027556724773078294
1784,2022-03-31,-0.025929668341708473
1785,2022-04-01,-0.010964487309644602
1786,2022-04-04,0.00020635706488433426
1787,2022-04-05,0.004383197662283519
1788,2022-04-06,0.004193751398485096
1789,2022-04-07,-0.00872088870431893
1790,2022-04-08,0.015208333333333268
1791,2022-04-11,0.007969003023477791
1792,2022-04-12,-0.025362359098228666
1793,2022-04-13,0.021034917521352177
1794,2022-04-14,0.010023948791107976
1795,2022-04-18,0.02055380743068344
1796,2022-04-19,0.009284722711220087
1797,2022-04-20,0.003506641914191497
1798,2022-04-21,-0.027873915447653573
1799,2022-04-22,-0.028307800971016938
1800,2022-04-25,0.0015298077591698602
1801,2022-04-26,-0.012843179805137207
1802,2022-04-27,0.0038280117090746177
1803,2022-04-28,0.0028862565966639975
1804,2022-04-29,-0.03130550552163613
1805,2022-05-02,-0.004558946992453779
1806,2022-05-03,0.005922505424942713
1807,2022-05-04,0.037688985834146045
1808,2022-05-05,-0.00533337777777771
1809,2022-05-06,-0.0013450347154217107
1810,2022-05-09,-0.00022747327206110515
1811,2022-05-10,-0.029511084242196145
1812,2022-05-11,-0.012526118939315187
1813,2022-05-12,-0.009945512668718853
1814,2022-05-13,0.004475806726129471
1815,2022-05-16,-0.004481202618811133
1816,2022-05-17,0.016748010386229025
1817,2022-05-18,-0.027258026628366207
1818,2022-05-19,0.007194220450977919
1819,2022-05-20,-0.01976005738697055
1820,2022-05-23,0.025509010063187537
1821,2022-05-24,-0.009155367570505177
1822,2022-05-25,0.023903434671617464
1823,2022-05-26,0.017175908223247435
1824,2022-05-27,0.0041575053794857195
1825,2022-05-31,0.009483899426554912
1826,2022-06-01,-0.0174064190036211
1827,2022-06-02,0.004654321911664944
1828,2022-06-03,-0.0002231095149181583
1829,2022-06-06,-0.0048522496691663745
1830,2022-06-07,0.01586244485533713
1831,2022-06-08,-0.005570409858056821
1832,2022-06-09,-0.04284441261353018
1833,2022-06-10,-0.0231537173569026
1834,2022-06-13,0.00025659312467932443
1835,2022-06-14,-0.03456280629352601
1836,2022-06-15,0.004473631578947359
1837,2022-06-16,0.007762339192656975
1838,2022-06-17,0.01718207680771459
1839,2022-06-21,-0.021826366737923566
1840,2022-06-22,0.005470148618654464
1841,2022-06-23,-0.004203862212194874
1842,2022-06-24,0.05377450879007248
1843,2022-06-27,-0.0146914299706172
1844,2022-06-28,-0.019282425694839588
1845,2022-06-29,-0.013906158430593486
1846,2022-06-30,0.0025594573841822205
1847,2022-07-01,0.030991657257446768
1848,2022-07-05,0.028205076923076906
