,Date,RTX
1,2015-03-04,-0.0017320296063780276
2,2015-03-05,-0.004122295018602213
3,2015-03-06,0.0002511924087004986
4,2015-03-09,0.020621993934066697
5,2015-03-10,-0.02613030358559319
6,2015-03-11,0.004754642226339922
7,2015-03-12,0.007395154779036081
8,2015-03-13,-0.016727396310314675
9,2015-03-16,0.006876379590203197
10,2015-03-17,0.002844751414760994
11,2015-03-18,0.008635178728799368
12,2015-03-19,-0.0054981202105544025
13,2015-03-20,-0.0029212481442213315
14,2015-03-23,-0.00652938527980802
15,2015-03-24,-0.0010080219006492577
16,2015-03-25,-0.022986618326939677
17,2015-03-26,0.0006898912892969308
18,2015-03-27,0.0065438093607228355
19,2015-03-30,0.00977225530973498
20,2015-03-31,-0.003994227691180149
21,2015-04-01,-0.012354058435477325
22,2015-04-02,0.004631609866448104
23,2015-04-06,0.01664797276322581
24,2015-04-07,-0.0022928502895816086
25,2015-04-08,0.0011044839703019435
26,2015-04-09,0.0015293417102034102
27,2015-04-10,0.0027086706405205834
28,2015-04-13,-0.004746997780666527
29,2015-04-14,0.0054677753927015755
30,2015-04-15,-0.001778528019244596
31,2015-04-16,0.0011077638675320825
32,2015-04-17,-0.010317202175128163
33,2015-04-20,0.004223436632898873
34,2015-04-21,-0.014991993838111459
35,2015-04-22,-0.00025647564675229027
36,2015-04-23,0.007215236547327642
37,2015-04-24,-0.010899235576540687
38,2015-04-27,-0.007886158189212351
39,2015-04-28,0.007638827699822705
40,2015-04-29,-0.0017304674398535896
41,2015-04-30,-0.010267141422774675
42,2015-05-01,0.007417741276585777
43,2015-05-04,0.005786908149292055
44,2015-05-05,-0.008102763390386647
45,2015-05-06,-0.01269733179546413
46,2015-05-07,0.007904077456964188
47,2015-05-08,0.006116766086377985
48,2015-05-11,0.002213829850005986
49,2015-05-12,0.002648437372942663
50,2015-05-13,0.0034196986143695085
51,2015-05-14,0.011203528847720353
52,2015-05-15,-0.004954709498035095
53,2015-05-18,-0.00016876673038135372
54,2015-05-19,0.003962907006067027
55,2015-05-20,-0.0066020653919591
56,2015-05-21,0.0026092046662273493
57,2015-05-22,-0.003193275672664354
58,2015-05-26,-0.01417130590756522
59,2015-05-27,0.0020443013760875583
60,2015-05-28,0.003581530429641778
61,2015-05-29,-0.0028934106613314626
62,2015-06-01,-0.0019619533803984413
63,2015-06-02,0.005225717771164816
64,2015-06-03,0.004066779251463915
65,2015-06-04,-0.005855889016895049
66,2015-06-05,0.003516624982050678
67,2015-06-08,-0.0030890330484609806
68,2015-06-09,-0.0018023850547533287
69,2015-06-10,0.0
70,2015-06-11,0.0027968634791947777
71,2015-06-12,0.0011918717012288531
72,2015-06-15,-0.005207964176347463
73,2015-06-16,0.003755082586506112
74,2015-06-17,-0.0018217261421712915
75,2015-06-18,0.014087057991134869
76,2015-06-19,-0.006141883399294172
77,2015-06-22,-0.0010398036249303886
78,2015-06-23,0.0005209331747193774
79,2015-06-24,-0.006364367653766873
80,2015-06-25,-0.00822830503103217
81,2015-06-26,0.00044059846162899994
82,2015-06-29,-0.010732614596201954
83,2015-06-30,-0.011671406013000195
84,2015-07-01,-0.010800745903775664
85,2015-07-02,-0.01589866310910323
86,2015-07-06,0.00922848858236924
87,2015-07-07,0.005021001954844234
88,2015-07-08,-0.000827518931687108
89,2015-07-09,-0.00981817087640668
90,2015-07-10,-0.0018118745804815884
91,2015-07-13,0.003507403969292887
92,2015-07-14,8.969656140660102e-05
93,2015-07-15,-0.00224205775711796
94,2015-07-16,-0.00943727641778272
95,2015-07-17,-0.0046738106347684535
96,2015-07-20,-0.0044155214706742985
97,2015-07-21,-0.01571635916941682
98,2015-07-22,-0.0069431031419466575
99,2015-07-23,-0.010178168291423607
100,2015-07-24,-0.01673265762655728
101,2015-07-27,0.0009111253374351958
102,2015-07-28,-0.0006059155534520906
103,2015-07-29,0.0027247926690924466
104,2015-07-30,0.013584223075260268
105,2015-07-31,-0.006044372148337763
106,2015-08-03,-0.008872484200847785
107,2015-08-04,-0.009996991018901587
108,2015-08-05,-0.011003265103448004
109,2015-08-06,-0.0001010320826945834
110,2015-08-07,-0.00435576247894945
111,2015-08-10,0.007081442561265598
112,2015-08-11,-0.0007093657861188988
113,2015-08-12,0.014807208553509197
114,2015-08-13,-0.001623653582899902
115,2015-08-14,0.006013597894130502
116,2015-08-17,0.01253438117193842
117,2015-08-18,0.004547324455314725
118,2015-08-19,-0.00496450621477719
119,2015-08-20,-0.01723072528285176
120,2015-08-21,-0.020534979945150352
121,2015-08-24,0.024811087395878787
122,2015-08-25,-0.04884316425251058
123,2015-08-26,0.00959308161066531
124,2015-08-27,0.008106304304142704
125,2015-08-28,0.004200316615741128
126,2015-08-31,0.004385437764084569
127,2015-09-01,0.002570117399738305
128,2015-09-02,0.0032988610274176052
129,2015-09-03,-0.000978202235764573
130,2015-09-04,-0.001541550415712769
131,2015-09-08,0.007270774416537375
132,2015-09-09,-0.01922053656447522
133,2015-09-10,-0.006953480591946383
134,2015-09-11,0.012390366840859635
135,2015-09-14,-0.005092030734325363
136,2015-09-15,0.000647849477538504
137,2015-09-16,0.013157851892796758
138,2015-09-17,-0.006177434388590824
139,2015-09-18,-0.01450063471443008
140,2015-09-21,0.002408901824362642
141,2015-09-22,-0.008766019157789908
142,2015-09-23,-0.013499757900579067
143,2015-09-24,0.01247810608256202
144,2015-09-25,-0.003765873770841437
145,2015-09-28,0.002655887007636363
146,2015-09-29,0.016170011180077663
147,2015-09-30,0.003948568171899928
148,2015-10-01,-0.006074234076968627
149,2015-10-02,0.02606010760520917
150,2015-10-05,0.020123759973021432
151,2015-10-06,0.00434077216986557
152,2015-10-07,-0.005212748513693276
153,2015-10-08,0.015830279878581585
154,2015-10-09,0.007394112122943954
155,2015-10-12,0.005161204003436485
156,2015-10-13,0.0011680845979090532
157,2015-10-14,-0.02227645794496779
158,2015-10-15,0.005069580065236883
159,2015-10-16,-0.01063828780171982
160,2015-10-19,-0.004864830981673387
161,2015-10-20,0.013675406026307402
162,2015-10-21,0.01797585938539016
163,2015-10-22,0.015260947294896089
164,2015-10-23,0.0015926695821321085
165,2015-10-26,-0.003875962932493045
166,2015-10-27,-0.009218413096276887
167,2015-10-28,-0.000503180670468123
168,2015-10-29,-0.001914533701499721
169,2015-10-30,-0.006260720896060497
170,2015-11-02,0.005768108650682043
171,2015-11-03,0.006238687688751716
172,2015-11-04,-0.0008962611821008876
173,2015-11-05,0.003684128768392625
174,2015-11-06,0.00759694154672028
175,2015-11-09,-0.009343888779348948
176,2015-11-10,-0.0015177417967453927
177,2015-11-11,-0.007875545741462157
178,2015-11-12,0.020152216271958512
179,2015-11-13,-0.02269049147212267
180,2015-11-16,0.013152497139273384
181,2015-11-17,-0.00631556688777139
182,2015-11-18,0.000819434425373217
183,2015-11-19,0.0033684140595734943
184,2015-11-20,-0.004257888513479241
185,2015-11-23,-0.000916709584069938
186,2015-11-24,-0.0021522750606126793
187,2015-11-25,-0.0014372611402420493
188,2015-11-27,-0.0021647483571761235
189,2015-11-30,-0.01040593612144812
190,2015-12-01,0.006872143690205007
191,2015-12-02,-0.012544072882485704
192,2015-12-03,-0.006295874767591992
193,2015-12-04,0.00779029870590262
194,2015-12-07,0.003032809708926128
195,2015-12-08,-0.007896349818642701
196,2015-12-09,0.0061979661071285145
197,2015-12-10,-0.002126087714150051
198,2015-12-11,0.003117966174305535
199,2015-12-14,-0.0028938874168830423
200,2015-12-15,-0.004483327526110552
201,2015-12-16,0.01234436757485533
202,2015-12-17,-0.01324500767022825
203,2015-12-18,-0.01039545920976821
204,2015-12-21,0.006342726933394159
205,2015-12-22,0.005937832208781548
206,2015-12-23,0.008376941676862143
207,2015-12-24,0.0042757174320871005
208,2015-12-28,0.0011461229913523662
209,2015-12-29,0.006206649945922633
210,2015-12-30,-0.0002063306370993536
211,2015-12-31,-0.003526587888348597
212,2016-01-04,0.011858129166740398
213,2016-01-05,0.006096271889293641
214,2016-01-06,-0.008306713352468728
215,2016-01-07,0.004700987016183389
216,2016-01-08,-0.0127771253686481
217,2016-01-11,-0.006477115548313311
218,2016-01-12,-0.005385171582315747
219,2016-01-13,-0.020293406112930283
220,2016-01-14,-0.0007857951385408727
221,2016-01-15,-0.015633994807756867
222,2016-01-19,-0.01285463268668858
223,2016-01-20,0.004618675842470633
224,2016-01-21,0.008723334681445215
225,2016-01-22,-0.006900554298731823
226,2016-01-25,-0.01256112026898048
227,2016-01-26,0.004220919929861209
228,2016-01-27,0.0012835485733005219
229,2016-01-28,0.0017381229980301864
230,2016-01-29,0.009439340196440152
231,2016-02-01,0.005743159821509929
232,2016-02-02,-0.008703744094773019
233,2016-02-03,-0.00034886302603515877
234,2016-02-04,0.02357993625911859
235,2016-02-05,-0.0022717069517164184
236,2016-02-08,-0.006411671636612663
237,2016-02-09,0.011361018690129345
238,2016-02-10,-0.004578779130711584
239,2016-02-11,-0.008549002226553812
240,2016-02-12,0.011295436234536322
241,2016-02-16,-0.009846506123808576
242,2016-02-17,0.016261053248394296
243,2016-02-18,-0.0021456614709266654
244,2016-02-19,-0.0013581768646416283
245,2016-02-22,0.035654227048161194
246,2016-02-23,-0.006830753302998355
247,2016-02-24,0.027439384471868448
248,2016-02-25,0.04429775311745441
249,2016-02-26,-0.02514719022661433
250,2016-02-29,-0.008313652000548264
251,2016-03-01,0.0306874106456758
252,2016-03-02,0.008125783065851365
253,2016-03-03,0.009558786121540869
254,2016-03-04,0.008630515180154251
255,2016-03-07,0.003832180799528202
256,2016-03-08,0.007905167737514537
257,2016-03-09,-0.007398254650376152
258,2016-03-10,-0.004347872359482158
259,2016-03-11,-0.004424787660112263
260,2016-03-14,0.005503665730630719
261,2016-03-15,0.0023943183472732747
262,2016-03-16,0.013409507987797232
263,2016-03-17,0.01042732924057268
264,2016-03-18,-0.0016127365247200374
265,2016-03-21,0.0009083184388643419
266,2016-03-22,-0.00020271504509227677
267,2016-03-23,0.0034423883631333504
268,2016-03-24,0.009271486832832508
269,2016-03-28,-0.0005052172382742154
270,2016-03-29,0.017376290273301873
271,2016-03-30,-0.005653668834974491
272,2016-03-31,0.00019981579476449426
273,2016-04-01,0.0058355259555443505
274,2016-04-04,-0.0002990900400592495
275,2016-04-05,0.0011027421122278924
276,2016-04-06,0.007832115565344282
277,2016-04-07,0.009909952211022753
278,2016-04-08,-0.0011829778880568399
279,2016-04-11,0.005512866410526688
280,2016-04-12,0.007723171052603529
281,2016-04-13,0.00945668910816769
282,2016-04-14,-0.003047520545468181
283,2016-04-15,0.0009572481871451153
284,2016-04-18,0.004778800276273087
285,2016-04-19,-0.00568190863689793
286,2016-04-20,0.0010434915566023344
287,2016-04-21,-0.001231490072731439
288,2016-04-22,-0.00028378971733507806
289,2016-04-25,9.50771544914773e-05
290,2016-04-26,-0.006164099164746567
291,2016-04-27,-0.004044342905733473
292,2016-04-28,-0.008749398609184446
293,2016-04-29,0.008113585095734862
294,2016-05-02,0.004620182899414773
295,2016-05-03,-0.012855219303048619
296,2016-05-04,-0.007101258088674536
297,2016-05-05,-0.008208083823772527
298,2016-05-06,0.008577699667176933
299,2016-05-09,-0.0023921157597838884
300,2016-05-10,0.018544358764832104
301,2016-05-11,-0.009263738284030336
302,2016-05-12,-0.003144043644949302
303,2016-05-13,-0.009581195858404353
304,2016-05-16,0.01769112116809
305,2016-05-17,-0.0157387587746881
306,2016-05-18,-0.00160886048760681
307,2016-05-19,-0.001621562680301494
308,2016-05-20,-0.0005043131693112042
309,2016-05-23,-0.0005053325040663902
310,2016-05-24,0.004221510910435836
311,2016-05-25,0.0002991673982129405
312,2016-05-26,-0.0002986731564862291
313,2016-05-27,0.002686831549491518
314,2016-05-31,-0.0018854808638482936
315,2016-06-01,0.0025976951640992708
316,2016-06-02,0.005386527781038084
317,2016-06-03,-0.0031761232672900407
318,2016-06-06,0.006154464708987375
319,2016-06-07,-0.0032423218421583195
320,2016-06-08,0.006111392834265984
321,2016-06-09,0.00738408638302864
322,2016-06-10,0.004431299253229527
323,2016-06-13,-0.007550492666370452
324,2016-06-14,-0.00019756918002426785
325,2016-06-15,-0.009458119376701156
326,2016-06-16,0.008276014040745686
327,2016-06-17,0.0034705114846805703
328,2016-06-20,-0.003136647315662444
329,2016-06-21,-0.0041180325253461604
330,2016-06-22,-0.004126950123948955
331,2016-06-23,-0.0016585593822688119
332,2016-06-24,-0.005330901491048302
333,2016-06-27,-0.008061175593795981
334,2016-06-28,0.008965845162600015
335,2016-06-29,0.004901027293769602
336,2016-06-30,0.01665512106732539
337,2016-07-01,0.002439521208009763
338,2016-07-05,-0.014495617021442132
339,2016-07-06,0.008254566423224955
340,2016-07-07,0.004333652067153215
341,2016-07-08,0.007287999505898469
342,2016-07-11,0.0028940615611011385
343,2016-07-12,0.0025904832479557638
344,2016-07-13,0.00019038662049504485
345,2016-07-14,-0.007926003159677977
346,2016-07-15,0.0014238103326204257
347,2016-07-18,9.481575787274585e-05
348,2016-07-19,0.00600046863313584
349,2016-07-20,0.003311506447522239
350,2016-07-21,-0.0048886732776652125
351,2016-07-22,0.003436180429054874
352,2016-07-25,-0.003807730916557008
353,2016-07-26,0.007940947391674386
354,2016-07-27,-0.0034239964732023388
355,2016-07-28,-0.0010214957504839388
356,2016-07-29,0.0013953341726901335
357,2016-08-01,-0.004839085956246785
358,2016-08-02,-0.002065908927483829
359,2016-08-03,0.00018823676473806862
360,2016-08-04,-0.001783139923467628
361,2016-08-05,0.00832948339755922
362,2016-08-08,0.0004640458146427178
363,2016-08-09,0.0030551873895931538
364,2016-08-10,-0.0031348393632530712
365,2016-08-11,0.006267250444286703
366,2016-08-12,-0.001375879940504732
367,2016-08-15,0.004763186319666808
368,2016-08-16,-0.00045779961692892055
369,2016-08-17,0.0035928232419616245
370,2016-08-18,0.002567593809687224
371,2016-08-19,0.0011925152199839194
372,2016-08-22,-0.000184319314029841
373,2016-08-23,-0.009174288120360837
374,2016-08-24,-0.0005554145170470812
375,2016-08-25,-0.00027846948229307526
376,2016-08-26,-0.005836476493456867
377,2016-08-29,0.00362521831948946
378,2016-08-30,-0.004820590447497849
379,2016-08-31,-0.005234150111588867
380,2016-09-01,-0.00018739302832424226
381,2016-09-02,-0.002425526464655219
382,2016-09-06,-0.009252434644879058
383,2016-09-07,0.0012296262828898634
384,2016-09-08,0.001325711449170599
385,2016-09-09,-0.022095227654678865
386,2016-09-12,0.017906023373162737
387,2016-09-13,-0.007276578029899836
388,2016-09-14,-0.005186446650015275
389,2016-09-15,0.012519703113904112
390,2016-09-16,-0.024081164697759876
391,2016-09-19,-0.0005970529093989007
392,2016-09-20,-0.005259547387458187
393,2016-09-21,0.013015449342679732
394,2016-09-22,0.0026281994110938355
395,2016-09-23,0.00450536734924154
396,2016-09-26,0.000685201816767133
397,2016-09-27,0.002645043689016691
398,2016-09-28,-0.003213778927039662
399,2016-09-29,-0.01673479206563669
400,2016-09-30,0.0017748481601747934
401,2016-10-03,0.008169305191164196
402,2016-10-04,-0.011114386090021227
403,2016-10-05,0.005408068476305921
404,2016-10-06,-0.0002938506091701064
405,2016-10-07,-0.0037638650322043697
406,2016-10-10,-0.0017971754510421134
407,2016-10-11,-0.007835278526884126
408,2016-10-12,0.0012144488781492488
409,2016-10-13,0.014735795078682909
410,2016-10-14,-0.002589111061952735
411,2016-10-17,-0.004194607534392493
412,2016-10-18,-0.004975614566188545
413,2016-10-19,-0.004987028792993729
414,2016-10-20,-0.0046115249414060205
415,2016-10-21,0.0029477095780371635
416,2016-10-24,0.0018119462503399435
417,2016-10-25,0.002472591517741572
418,2016-10-26,9.902144503382389e-05
419,2016-10-27,-0.01389432426183099
420,2016-10-28,0.013131713068644591
421,2016-10-31,0.0018626083099138092
422,2016-11-01,-0.0039058894333768913
423,2016-11-02,-0.0030436877805476758
424,2016-11-03,-0.00736741844313505
425,2016-11-04,0.0008889390722412698
426,2016-11-07,0.0007768152611274386
427,2016-11-08,0.0013561837584738206
428,2016-11-09,0.036798891092104415
429,2016-11-10,0.028753090618723193
430,2016-11-11,0.008897162881025199
431,2016-11-14,-0.014256998846776961
432,2016-11-15,-0.0015762849841687682
433,2016-11-16,0.0031889392479607414
434,2016-11-17,-0.0030832806301875878
435,2016-11-18,-0.001500104776269258
436,2016-11-21,0.0
437,2016-11-22,-0.002518478257067555
438,2016-11-23,0.006892000584690468
439,2016-11-25,0.0013808340601072855
440,2016-11-28,-0.0004607953637870542
441,2016-11-29,0.0015643907484200763
442,2016-11-30,-0.012015044010696106
443,2016-12-01,-0.004814905195997276
444,2016-12-02,0.001666082116444502
445,2016-12-05,-0.01195729863381217
446,2016-12-06,0.0012115198971003978
447,2016-12-07,0.020279084276584872
448,2016-12-08,-0.011306647154919013
449,2016-12-09,0.01151650178047341
450,2016-12-12,0.008864985182596142
451,2016-12-13,-0.005140718568752604
452,2016-12-14,-0.009787030793193931
453,2016-12-15,-0.008345529049504549
454,2016-12-16,0.0010147116107783963
455,2016-12-19,0.01140824314992978
456,2016-12-20,-0.00252406479802393
457,2016-12-21,-0.00405621817121296
458,2016-12-22,-0.0010851413334223411
459,2016-12-23,0.0027187236621620584
460,2016-12-27,-0.0005403086850188423
461,2016-12-28,-0.007297346491684914
462,2016-12-29,0.0024483683773545953
463,2016-12-30,-0.008771081963622484
464,2017-01-03,0.003985829154621287
465,2017-01-04,-0.00502425377695787
466,2017-01-05,0.001619073328153061
467,2017-01-06,0.010141747006570587
468,2017-01-09,-0.010647794554002072
469,2017-01-10,-0.004384715864326085
470,2017-01-11,-0.0055545671165150015
471,2017-01-12,-0.0028792583438836832
472,2017-01-13,-0.00640044836356722
473,2017-01-17,0.0017306753948859678
474,2017-01-18,0.001996357959955053
475,2017-01-19,-0.0027020726896123154
476,2017-01-20,-0.0014421015690467313
477,2017-01-23,-0.004511045456783207
478,2017-01-24,0.008402591270233812
479,2017-01-25,-0.008134409936790798
480,2017-01-26,-0.0039711947585719465
481,2017-01-27,-0.004085324004814342
482,2017-01-30,-0.0012807505324588784
483,2017-01-31,0.005777714312336263
484,2017-02-01,-0.013226384443193524
485,2017-02-02,0.002590622689201884
486,2017-02-03,0.010319671276562574
487,2017-02-06,0.007922802583391994
488,2017-02-07,-0.0011671260804607053
489,2017-02-08,-0.006211174704802757
490,2017-02-09,-0.002807967297574839
491,2017-02-10,0.0072561591691068196
492,2017-02-13,0.0036735357092839383
493,2017-02-14,-0.0037502755990650193
494,2017-02-15,0.007018810411903939
495,2017-02-16,-0.0006242075103137673
496,2017-02-17,0.001965487794675789
497,2017-02-21,0.002763180116479297
498,2017-02-22,0.0027592308414378344
499,2017-02-23,-0.005412582370333988
500,2017-02-24,0.005723512284127212
501,2017-02-27,0.0019540791539942883
502,2017-02-28,-0.003717854715924589
503,2017-03-01,0.0003519318948232652
504,2017-03-02,-0.010014902232593164
505,2017-03-03,-0.0031058189127129224
506,2017-03-06,-0.0015201855295025248
507,2017-03-07,0.0037546197091651284
508,2017-03-08,-0.006490078872065468
509,2017-03-09,0.0005363141175224002
510,2017-03-10,-0.0022244303369972464
511,2017-03-13,-0.0022210707211426446
512,2017-03-14,-0.00044697369578755597
513,2017-03-15,0.008562189760944892
514,2017-03-16,-0.003813022337786633
515,2017-03-17,0.006833504057767255
516,2017-03-20,0.0009700606758385906
517,2017-03-21,-0.013197283472753774
518,2017-03-22,-0.003915597611508156
519,2017-03-23,-0.0008040967437936057
520,2017-03-24,-0.0016073477815130672
521,2017-03-27,0.006751848013554052
522,2017-03-28,0.011937795351496874
523,2017-03-29,-0.004353648236003045
524,2017-03-30,0.004376477056038977
525,2017-03-31,-0.0025778663637784005
526,2017-04-03,-0.0031171460596059316
527,2017-04-04,0.006413037821524202
528,2017-04-05,-0.005656623940017552
529,2017-04-06,-0.001421348243235318
530,2017-04-07,0.003196270010529537
531,2017-04-10,-0.0009734822627219443
532,2017-04-11,0.005688803361301141
533,2017-04-12,-0.004788077726474786
534,2017-04-13,0.00035703930928059475
535,2017-04-17,0.00657608505099743
536,2017-04-18,0.0054006022274726674
537,2017-04-19,-0.009039088130708481
538,2017-04-20,0.008675607782988355
539,2017-04-21,0.008684177921003329
540,2017-04-24,0.002844993474812033
541,2017-04-25,0.0009420363551373339
542,2017-04-26,0.007329144172760007
543,2017-04-27,0.0035485339548530126
544,2017-04-28,-0.0016779621785729098
545,2017-05-01,-0.0010080219006492577
546,2017-05-02,0.003110632957975001
547,2017-05-03,0.008382221277317112
548,2017-05-04,0.003067205938715811
549,2017-05-05,0.00948337314579643
550,2017-05-08,-0.0023893653335968134
551,2017-05-09,0.0
552,2017-05-10,-0.001237917135113865
553,2017-05-11,0.0078111083954362556
554,2017-05-12,-0.0014875224700168419
555,2017-05-15,0.0009933354212195242
556,2017-05-16,0.0025600759171669368
557,2017-05-17,-0.009607422759581643
558,2017-05-18,-0.0010878334202450782
559,2017-05-19,0.011774549837953749
560,2017-05-22,0.0008225649915492804
561,2017-05-23,0.003370075074441453
562,2017-05-24,-0.00016381925941368004
563,2017-05-25,-0.0014701527950191785
564,2017-05-26,-0.0037609321374619813
565,2017-05-30,-0.004351472437406426
566,2017-05-31,-0.002303448639706973
567,2017-06-01,0.004868043247651815
568,2017-06-02,0.0004096748506567603
569,2017-06-05,-0.010550481327145426
570,2017-06-06,-0.0020769604305730842
571,2017-06-07,-0.007046331619115433
572,2017-06-08,0.0013357920514050715
573,2017-06-09,0.003911132206685581
574,2017-06-12,-0.003077004232051864
575,2017-06-13,0.0010839330241479658
576,2017-06-14,-0.00041641435699488877
577,2017-06-15,0.007677523410035498
578,2017-06-16,-0.00561480750068315
579,2017-06-19,0.005114252154311932
580,2017-06-20,-0.0004113805337779255
581,2017-06-21,-0.0018037111365428575
582,2017-06-22,0.002790812572077491
583,2017-06-23,0.0017211366378228831
584,2017-06-26,-0.004411399348975914
585,2017-06-27,-0.0027067218050019705
586,2017-06-28,0.003522628358874496
587,2017-06-29,-0.00628981520873096
588,2017-06-30,0.0008196223642115906
589,2017-07-03,-0.004322634731805521
590,2017-07-05,0.003432263487139625
591,2017-07-06,-0.005466673318616194
592,2017-07-07,0.0026987531365469616
593,2017-07-10,0.0026887541413141334
594,2017-07-11,0.003085402970583638
595,2017-07-12,-0.0024996064015508097
596,2017-07-13,-0.004851596167738354
597,2017-07-14,-0.00024297129421912403
598,2017-07-17,-0.005010917070525278
599,2017-07-18,-0.0015470302313636008
600,2017-07-19,0.00024375426821789247
601,2017-07-20,-0.003337158650992047
602,2017-07-21,0.009812793211049558
603,2017-07-24,-0.0029151825041543776
604,2017-07-25,-0.012141107585445716
605,2017-07-26,-0.007307684938522569
606,2017-07-27,-0.005696558986370077
607,2017-07-28,0.0006734556568657238
608,2017-07-31,-0.004951383082047066
609,2017-08-01,-0.0010084675003441917
610,2017-08-02,0.013047134984752132
611,2017-08-03,0.00598108414177338
612,2017-08-04,0.002227405224577529
613,2017-08-07,-0.006621432486327204
614,2017-08-08,-0.0021950468569869467
615,2017-08-09,-0.011554323344557561
616,2017-08-10,-0.0011121232733387642
617,2017-08-11,-0.0009402126147092539
618,2017-08-14,-0.0012787724304850884
619,2017-08-15,-0.00990437318793692
620,2017-08-16,0.01794338943824443
621,2017-08-17,-0.014263859222742275
622,2017-08-18,-0.004825937059140298
623,2017-08-21,-0.0029405984032404606
624,2017-08-22,0.0009516539815213913
625,2017-08-23,0.014036896439702391
626,2017-08-24,-0.016295594070845992
627,2017-08-25,-0.006132335184751173
628,2017-08-28,0.00034689512871927824
629,2017-08-29,0.031635668416564344
630,2017-08-30,0.005464530512662186
631,2017-08-31,0.0007522346747975395
632,2017-09-01,-0.01519955366801842
633,2017-09-05,-0.03789261076665904
634,2017-09-06,-0.012522508149172192
635,2017-09-07,0.0033755775473448585
636,2017-09-08,-0.0050857382502854
637,2017-09-11,-0.0033633182143621315
638,2017-09-12,-0.0019078394145942501
639,2017-09-13,0.0011801732963524086
640,2017-09-14,0.02602701971605104
641,2017-09-15,-0.005715328161815808
642,2017-09-18,-0.0055555727596022005
643,2017-09-19,0.005752250400192444
644,2017-09-20,0.007683502067931368
645,2017-09-21,0.0028025990796046955
646,2017-09-22,0.0051564035233915674
647,2017-09-25,-0.005482091725844755
648,2017-09-26,0.0012218297474605234
649,2017-09-27,0.02019850630676407
650,2017-09-28,-0.009829891301483552
651,2017-09-29,0.006590340467096687
652,2017-10-02,0.012398783001712044
653,2017-10-03,-0.0024577115944638245
654,2017-10-04,-0.0020361498254903606
655,2017-10-05,0.004590660788847899
656,2017-10-06,0.0027990120274629915
657,2017-10-09,0.002874331567862788
658,2017-10-10,-0.004131212358880184
659,2017-10-11,-0.00473335564192014
660,2017-10-12,0.00977307238245376
661,2017-10-13,-0.0029394964806458436
662,2017-10-16,0.0014305144713653384
663,2017-10-17,0.0061535270741650185
664,2017-10-18,-0.00267784404314266
665,2017-10-19,0.003274460508849521
666,2017-10-20,0.008086071030342154
667,2017-10-23,0.0010764830340035498
668,2017-10-24,-0.001750695252118011
669,2017-10-25,-0.0060145724740001995
670,2017-10-26,0.0040184339962725845
671,2017-10-27,-0.004597897992950407
672,2017-10-30,0.003517237528513125
673,2017-10-31,-0.0023325234119050448
674,2017-11-01,-0.0035670445810776887
675,2017-11-02,0.011408077576541895
676,2017-11-03,-0.005585188321759453
677,2017-11-06,-0.007174689838704472
678,2017-11-07,0.0006629634156543913
679,2017-11-08,-0.001991378817856986
680,2017-11-09,-0.01587957704803318
681,2017-11-10,0.0009321369905396716
682,2017-11-13,-0.007460729032679717
683,2017-11-14,0.014777414456709806
684,2017-11-15,-0.005918665716123874
685,2017-11-16,0.005029801199579884
686,2017-11-17,-0.008170846730363526
687,2017-11-20,-0.0038517369872253923
688,2017-11-21,0.0048940029033392105
689,2017-11-22,-0.002307743978919372
690,2017-11-24,-0.0007692525200384306
691,2017-11-27,0.0025680399600983617
692,2017-11-28,0.0022136413367716086
693,2017-11-29,0.0027155664053316315
694,2017-11-30,0.02118887925040798
695,2017-12-01,-0.012658215448426926
696,2017-12-04,-0.009407566721180214
697,2017-12-05,-0.013935565430075434
698,2017-12-06,0.00033010176340968976
699,2017-12-07,0.008902067162963231
700,2017-12-08,0.0033497002495625865
701,2017-12-11,0.0030098191100639206
702,2017-12-12,-0.0004047300053774874
703,2017-12-13,0.006477664450558555
704,2017-12-14,-0.006023676622493996
705,2017-12-15,0.010977532546074581
706,2017-12-18,-0.00023674519946547748
707,2017-12-19,-0.0033802942094459383
708,2017-12-20,-0.002904899543002353
709,2017-12-21,0.00047159273747672087
710,2017-12-22,-0.0022741316037888995
711,2017-12-26,-0.002432323189001238
712,2017-12-27,0.0009414319754312069
713,2017-12-28,0.003053323322703763
714,2017-12-29,-0.0058448375259963666
715,2018-01-02,0.002032876397479873
716,2018-01-03,0.004247436797120748
717,2018-01-04,-0.0028282913332594866
718,2018-01-05,0.0035850553670727144
719,2018-01-08,-0.017530939924105694
720,2018-01-09,0.007125732962304361
721,2018-01-10,0.0058156900570532095
722,2018-01-11,0.0017810950043315103
723,2018-01-12,0.007152914125484155
724,2018-01-16,-0.02729975389709086
725,2018-01-17,-0.001782273611608895
726,2018-01-18,0.0004459120219998716
727,2018-01-19,0.0062194417377103624
728,2018-01-22,0.0017781800790334374
729,2018-01-23,0.0015461454097829624
730,2018-01-24,0.004888205105512744
731,2018-01-25,0.006723654199607425
732,2018-01-26,-0.001375070991513047
733,2018-01-29,-0.009996358134011053
734,2018-01-30,0.0036765138441572066
735,2018-01-31,0.006490715046061566
736,2018-02-01,0.009708663312680955
737,2018-02-02,-0.020590845316078
738,2018-02-05,-0.04674862246391236
739,2018-02-06,0.04550578167692541
740,2018-02-07,0.019939646738748103
741,2018-02-08,-0.03314375605252623
742,2018-02-09,-0.03190089404041223
743,2018-02-12,0.03502078889004027
744,2018-02-13,-0.004669253037846426
745,2018-02-14,0.013762127853238975
746,2018-02-15,0.01570434524635117
747,2018-02-16,-0.005233256484792665
748,2018-02-20,-0.017786457481945493
749,2018-02-21,0.019963673049824937
750,2018-02-22,0.021253809378272686
751,2018-02-23,-0.0106256846201309
752,2018-02-26,0.01232992464231348
753,2018-02-27,-0.012754372672892362
754,2018-02-28,0.004622719791884251
755,2018-03-01,-0.03624262106672414
756,2018-03-02,0.005571915363629168
757,2018-03-05,0.018481278522238777
758,2018-03-06,-0.0044629025939597255
759,2018-03-07,0.008239624225619486
760,2018-03-08,-0.003719104351532509
761,2018-03-09,0.01714580461224929
762,2018-03-12,-0.023756435243695175
763,2018-03-13,-0.017587571794060713
764,2018-03-14,-0.007049802707682903
765,2018-03-15,-0.006991380078083972
766,2018-03-16,-0.0068875315972374345
767,2018-03-19,-0.006250033362791827
768,2018-03-20,-0.0007072892083732754
769,2018-03-21,-0.001022544551307303
770,2018-03-22,-0.01578619648873108
771,2018-03-23,-0.015138119461603011
772,2018-03-26,0.021784723422651274
773,2018-03-27,-0.012454611539712784
774,2018-03-28,-0.011674065090753536
775,2018-03-29,0.007365873456726798
776,2018-04-02,-0.017270197909854842
777,2018-04-03,0.010680370577049451
778,2018-04-04,0.03839168214089748
779,2018-04-05,-0.005456697433073333
780,2018-04-06,-0.01460913151776963
781,2018-04-09,-0.013161089922377077
782,2018-04-10,-0.008706858920118634
783,2018-04-11,0.0014720894636984746
784,2018-04-12,0.0017067414330057982
785,2018-04-13,-0.008724455836820215
786,2018-04-16,-0.0007264127902207565
787,2018-04-17,-0.00152344992998816
788,2018-04-18,-0.00494338379842069
789,2018-04-19,-0.0068960001463751405
790,2018-04-20,-0.014334912768200906
791,2018-04-23,0.0027614681507536994
792,2018-04-24,-0.03478259427750481
793,2018-04-25,-0.006544002281608903
794,2018-04-26,0.01086430081950145
795,2018-04-27,0.0013901573992320655
796,2018-04-30,-0.019423784468465436
797,2018-05-01,-0.008666710381821216
798,2018-05-02,-0.0038668428120048615
799,2018-05-03,0.0015315758442041294
800,2018-05-04,0.017712661358498284
801,2018-05-07,0.0093511924882876
802,2018-05-08,0.006528951494671801
803,2018-05-09,0.00522579505823447
804,2018-05-10,0.005183890587424602
805,2018-05-11,0.0044379938483017755
806,2018-05-14,0.004743201487209005
807,2018-05-15,0.0019306650932187019
808,2018-05-16,-0.0019995498998357578
809,2018-05-17,0.0009638792951248933
810,2018-05-18,0.004815770511420789
811,2018-05-21,0.01651185027914281
812,2018-05-22,-0.0030407063257587978
813,2018-05-23,0.005834075133889947
814,2018-05-24,0.0007854752572173639
815,2018-05-25,-0.0032954574923498023
816,2018-05-29,-0.00840133549048753
817,2018-05-30,0.006219119450496386
818,2018-05-31,-0.00763231665797092
819,2018-06-01,-0.0010322065475960101
820,2018-06-04,-0.0008702038017001413
821,2018-06-05,-0.0006347804727723487
822,2018-06-06,0.001975208486417652
823,2018-06-07,0.005913402671597152
824,2018-06-08,0.0053573576424682055
825,2018-06-11,0.004860832807705015
826,2018-06-12,-0.005986620897241945
827,2018-06-13,-0.007816156394666504
828,2018-06-14,-0.0031412136977791603
829,2018-06-15,-0.0004725325766270633
830,2018-06-18,0.007427906640527231
831,2018-06-19,-0.015664332956337762
832,2018-06-20,-0.0010359079687762367
833,2018-06-21,-0.013580440986471768
834,2018-06-22,0.002810751001030318
835,2018-06-25,0.006542752307364797
836,2018-06-26,0.005200450534087194
837,2018-06-27,-0.016061309478878818
838,2018-06-28,0.004595698474706175
839,2018-06-29,0.0013615436874276836
840,2018-07-02,0.00936465797458314
841,2018-07-03,-0.007547491274228748
842,2018-07-05,-0.007703255850061836
843,2018-07-06,0.004405303780537211
844,2018-07-09,0.0053171036164599995
845,2018-07-10,0.0017344452891940533
846,2018-07-11,-0.007471002487096829
847,2018-07-12,0.011035249270464679
848,2018-07-13,0.01536654631252502
849,2018-07-16,-0.004323014622185225
850,2018-07-17,0.011844003935721284
851,2018-07-18,0.005190417892316848
852,2018-07-19,-0.00746160927050669
853,2018-07-20,0.0022313487468253192
854,2018-07-23,-0.004003365024723176
855,2018-07-24,0.039411505767387126
856,2018-07-25,0.008909880810248221
857,2018-07-26,0.006818838271605639
858,2018-07-27,-0.014432275795825952
859,2018-07-30,-0.012904132364129656
860,2018-07-31,0.012456233904885393
861,2018-08-01,0.003421597686253459
862,2018-08-02,0.0010449234167972067
863,2018-08-03,-0.006160901605575295
864,2018-08-06,0.001944967916890722
865,2018-08-07,0.00290828472130875
866,2018-08-08,0.0014868389906070967
867,2018-08-09,-0.008054397177979084
868,2018-08-10,-0.0032948725680054507
869,2018-08-13,-0.006464222371323099
870,2018-08-14,-0.0020347678809744195
871,2018-08-15,-0.0018939676191171778
872,2018-08-16,0.006949159477328837
873,2018-08-17,0.005384406983533587
874,2018-08-20,0.0013336603012399054
875,2018-08-21,0.004283645987083008
876,2018-08-22,-0.013475533571788519
877,2018-08-23,-0.00666620646644778
878,2018-08-24,0.005655646620198993
879,2018-08-27,0.008193078481296188
880,2018-08-28,-0.011029354591287885
881,2018-08-29,-0.011101279167313289
882,2018-08-30,-0.005400978986592307
883,2018-08-31,-0.0031788660969045883
884,2018-09-04,-0.0003789876281992549
885,2018-09-05,0.009733802755734216
886,2018-09-06,0.0019510143718643473
887,2018-09-07,-0.008412772495519758
888,2018-09-10,0.0058704143546768756
889,2018-09-11,-0.00022450986115755807
890,2018-09-12,0.003974287462267533
891,2018-09-13,0.009234435134242025
892,2018-09-14,0.015550173089639406
893,2018-09-17,-0.00043533204098813647
894,2018-09-18,0.011595853481625965
895,2018-09-19,0.00962913876054013
896,2018-09-20,0.002402690253112375
897,2018-09-21,-0.0111358291354262
898,2018-09-24,-0.010365970437898055
899,2018-09-25,-0.003423859297678049
900,2018-09-26,-0.00035820505078918916
901,2018-09-27,-0.002356988243897057
902,2018-09-28,0.0011457299079962351
903,2018-10-01,-0.0016294708017621177
904,2018-10-02,0.0035473197871697107
905,2018-10-03,-0.006691484406875012
906,2018-10-04,-0.005031904495044306
907,2018-10-05,-0.009473627093953715
908,2018-10-08,0.004027931701959143
909,2018-10-09,-0.024341193937447447
910,2018-10-10,-0.030321037800982994
911,2018-10-11,-0.011461792765413219
912,2018-10-12,-0.011891071653425952
913,2018-10-15,0.0037739116870668054
914,2018-10-16,0.012454164486566931
915,2018-10-17,-0.01573967343578673
916,2018-10-18,-0.0050926469147591835
917,2018-10-19,0.001478750726158575
918,2018-10-22,-0.017718399515940456
919,2018-10-23,0.03395626554053005
920,2018-10-24,-0.06265840659992226
921,2018-10-25,0.008103719721517987
922,2018-10-26,0.002032868320180206
923,2018-10-29,-0.03011608825834472
924,2018-10-30,0.01280250749895926
925,2018-10-31,0.0010477821200228848
926,2018-11-01,0.014956270137288905
927,2018-11-02,-0.011020593402509028
928,2018-11-05,-0.0018042031095564348
929,2018-11-06,0.005027431094727038
930,2018-11-07,0.012093966404852326
931,2018-11-08,0.003361408782906812
932,2018-11-09,-0.005175406479053958
933,2018-11-12,-0.02016191441122478
934,2018-11-13,0.002173207829961414
935,2018-11-14,-0.008919635757938065
936,2018-11-15,0.01980971197629935
937,2018-11-16,0.008759651758217324
938,2018-11-19,-0.016538433961319928
939,2018-11-20,-0.009667609013694923
940,2018-11-21,-0.004592648996049402
941,2018-11-23,0.03240260865526893
942,2018-11-26,-0.013945626182468336
943,2018-11-27,-0.008005145240608077
944,2018-11-28,-0.004219043124969665
945,2018-11-29,-0.012948984534031323
946,2018-11-30,0.008943362097180982
947,2018-12-03,-0.001534908008915434
948,2018-12-04,-0.019071521044179175
949,2018-12-06,0.01623295625950006
950,2018-12-07,-0.014194948383269729
951,2018-12-10,0.003276862061563295
952,2018-12-11,-0.02596230735913138
953,2018-12-12,-0.0025839760425894523
954,2018-12-13,-0.007655919908056121
955,2018-12-14,0.007121039759930051
956,2018-12-17,-0.028886666079099746
957,2018-12-18,-0.0027562512677955435
958,2018-12-19,-0.015315364255188315
959,2018-12-20,-0.03588386889109154
960,2018-12-21,-0.031822757024410106
961,2018-12-24,-0.0314131879514266
962,2018-12-26,0.029823140164972284
963,2018-12-27,0.030799312405913392
964,2018-12-28,-0.009031095263564945
965,2018-12-31,0.008333251325287491
966,2019-01-02,0.02985932982607958
967,2019-01-03,-0.037842801838435317
968,2019-01-04,0.02785241285490568
969,2019-01-07,-0.0008406738867760956
970,2019-01-08,0.0005512445845124481
971,2019-01-09,-0.002190589256747713
972,2019-01-10,0.015171048922907408
973,2019-01-11,0.0035597021034148176
974,2019-01-14,0.015109920531664336
975,2019-01-15,0.0027990934937772
976,2019-01-16,-0.0019803639712475175
977,2019-01-17,0.021745041353880456
978,2019-01-18,-0.003412269613928852
979,2019-01-22,-0.017255125586610732
980,2019-01-23,-0.0022165804219899275
981,2019-01-24,-0.018598748961077525
982,2019-01-25,-0.004555584119494943
983,2019-01-28,-0.001041719139068836
984,2019-01-29,0.019641811046436013
985,2019-01-30,0.00438444753270774
986,2019-01-31,-0.012544887723530598
987,2019-02-01,-0.005100744581844044
988,2019-02-04,0.0012606102205992423
989,2019-02-05,0.007928595627128183
990,2019-02-06,0.00413696127908431
991,2019-02-07,0.0029910985104774686
992,2019-02-08,0.01828918025062006
993,2019-02-11,-0.0014645305575317273
994,2019-02-12,0.005025843403955199
995,2019-02-13,0.000562916175670888
996,2019-02-14,0.007957838584229089
997,2019-02-15,0.017197432494924687
998,2019-02-19,0.00989158075530218
999,2019-02-20,-0.0020979490924668167
1000,2019-02-21,-0.014280205528184615
1001,2019-02-22,-0.0021866153858333976
1002,2019-02-25,-0.0033411594358464026
1003,2019-02-26,-0.004617364202776259
1004,2019-02-27,-0.001416470639369005
1005,2019-02-28,-0.008051158748944694
1006,2019-03-01,-0.009529119419216319
1007,2019-03-04,-0.004355060222519662
1008,2019-03-05,0.0023877621401041937
1009,2019-03-06,-0.006260909420803064
1010,2019-03-07,-0.004399652690173352
1011,2019-03-08,0.0013726471140417902
1012,2019-03-11,0.03643682127613103
1013,2019-03-12,-0.00827295023673076
1014,2019-03-13,0.01336316284356865
1015,2019-03-14,0.0019741167153642246
1016,2019-03-15,-0.00982938410323217
1017,2019-03-18,0.006264384601757105
1018,2019-03-19,-0.008697726406560323
1019,2019-03-20,-0.008937106818649539
1020,2019-03-21,0.018707359254306315
1021,2019-03-22,-0.006746036715410351
1022,2019-03-25,0.0035210921943478594
1023,2019-03-26,-0.000316956264795725
1024,2019-03-27,0.001427239990427707
1025,2019-03-28,0.004419554499616465
1026,2019-03-29,0.0049119130775100795
1027,2019-04-01,0.024617300250514097
1028,2019-04-02,-0.008792375264512866
1029,2019-04-03,-0.009803163146530151
1030,2019-04-04,0.009125427244622996
1031,2019-04-05,0.0042054921167414645
1032,2019-04-08,0.00929493538649157
1033,2019-04-09,-0.0030154702950505657
1034,2019-04-10,-0.004762267623306509
1035,2019-04-11,0.007968382168041245
1036,2019-04-12,0.011059639007523617
1037,2019-04-15,-0.003333310145703022
1038,2019-04-16,0.003559261069981365
1039,2019-04-17,0.001474996032773712
1040,2019-04-18,0.007278954420443141
1041,2019-04-22,0.004107101746169361
1042,2019-04-23,0.0009293645354979233
1043,2019-04-24,-0.0005727772248139648
1044,2019-04-25,0.007135622479070187
1045,2019-04-26,0.00557143117868571
1046,2019-04-29,0.007943219373033788
1047,2019-04-30,0.0011935014627913393
1048,2019-05-01,-0.009930094444604869
1049,2019-05-02,-0.006890719841602672
1050,2019-05-03,0.0041120572060739215
1051,2019-05-06,0.010159250573575246
1052,2019-05-07,-0.020962797332901167
1053,2019-05-08,0.011586741609300245
1054,2019-05-09,0.010335163232804964
1055,2019-05-10,0.014345933830761768
1056,2019-05-13,-0.015444278371835806
1057,2019-05-14,0.014923142522693918
1058,2019-05-15,0.008885560976276224
1059,2019-05-16,0.009027129673090316
1060,2019-05-17,-0.002833153833876005
1061,2019-05-20,0.002327860540663643
1062,2019-05-21,0.008376538661982375
1063,2019-05-22,0.000369346228180654
1064,2019-05-23,-0.015620259012044512
1065,2019-05-24,0.005817498565016641
1066,2019-05-28,-0.012990965141423063
1067,2019-05-29,0.0021674063878613014
1068,2019-05-30,-0.008800439709190207
1069,2019-05-31,-0.007621544268302056
1070,2019-06-03,0.003242313858363956
1071,2019-06-04,0.008261214601546127
1072,2019-06-05,0.006667114462086331
1073,2019-06-06,0.0015974248771718138
1074,2019-06-07,0.0003027290854453815
1075,2019-06-10,-0.05527672417111024
1076,2019-06-11,-0.041179240224784364
1077,2019-06-12,0.0001611544401628131
1078,2019-06-13,0.0005611562121088642
1079,2019-06-14,-0.0064229065986529076
1080,2019-06-17,-0.011851751000411475
1081,2019-06-18,0.012473929079982177
1082,2019-06-19,-0.002674995944049236
1083,2019-06-20,0.013483958971005211
1084,2019-06-21,-0.00816574162895904
1085,2019-06-24,0.0004610811125413202
1086,2019-06-25,-0.00898679063609188
1087,2019-06-26,-0.009919354923120172
1088,2019-06-27,0.005927759481741953
1089,2019-06-28,0.008833071943285838
1090,2019-07-01,0.0012197070539665177
1091,2019-07-02,0.0024308778081612087
1092,2019-07-03,0.004152514778810083
1093,2019-07-05,-0.0015818899527148876
1094,2019-07-08,-0.007658478465327799
1095,2019-07-09,0.002229021252867934
1096,2019-07-10,-0.004198489727078696
1097,2019-07-11,0.0068997855422509476
1098,2019-07-12,0.013721510946651569
1099,2019-07-15,-0.00022516198743381268
1100,2019-07-16,-0.0011998588000473828
1101,2019-07-17,-0.022245523151161146
1102,2019-07-18,0.010933208679777085
1103,2019-07-19,0.005697320448045359
1104,2019-07-22,0.004989092605899627
1105,2019-07-23,-0.010123231079106242
1106,2019-07-24,-0.0009673767932846855
1107,2019-07-25,0.010673046692658212
1108,2019-07-26,-0.0013254068742636351
1109,2019-07-29,0.0011802978627176992
1110,2019-07-30,-0.0005908455732679664
1111,2019-07-31,-0.012199666515599094
1112,2019-08-01,-0.01102692824007519
1113,2019-08-02,-0.004717346172843955
1114,2019-08-05,-0.023983219153867766
1115,2019-08-06,0.02629477162537808
1116,2019-08-07,0.01486787500000002
1117,2019-08-08,0.014662811258934719
1118,2019-08-09,-0.0012176649391633927
1119,2019-08-12,-0.014093236644632716
1120,2019-08-13,0.008524961779365797
1121,2019-08-14,-0.022029904180796582
1122,2019-08-15,-0.002096711181264151
1123,2019-08-16,0.0004801071086985398
1124,2019-08-19,-0.000710178810837198
1125,2019-08-20,0.0055564419770953175
1126,2019-08-21,-0.004456641824306268
1127,2019-08-22,-0.00031254884157557957
1128,2019-08-23,-0.025734135096780533
1129,2019-08-26,0.004080607279211559
1130,2019-08-27,-0.0069356098054572275
1131,2019-08-28,0.020265340120682592
1132,2019-08-29,0.011717772856896982
1133,2019-08-30,0.0
1134,2019-09-03,0.002331533643972417
1135,2019-09-04,0.002754578737120391
1136,2019-09-05,-0.00037568602639740853
1137,2019-09-06,-0.0008968391322014103
1138,2019-09-09,-0.004010404627838244
1139,2019-09-10,-0.0014168879535790624
1140,2019-09-11,0.018352021123439276
1141,2019-09-12,0.007328147257978248
1142,2019-09-13,0.0004347642055329143
1143,2019-09-16,-0.006761627871556951
1144,2019-09-17,-0.001310083652832575
1145,2019-09-18,0.0054045727082597155
1146,2019-09-19,-0.002972250292367719
1147,2019-09-20,-0.014752929271198128
1148,2019-09-23,0.009374331574635976
1149,2019-09-24,-0.004116460757388725
1150,2019-09-25,0.006547056522381753
1151,2019-09-26,0.005630295318244539
1152,2019-09-27,-0.011881490690391482
1153,2019-09-30,-0.004593524835072805
1154,2019-10-01,-0.023002742458124146
1155,2019-10-02,-0.017767013617286737
1156,2019-10-03,0.003441395338375059
1157,2019-10-04,0.014624101459752249
1158,2019-10-07,-0.0007530967221140103
1159,2019-10-08,-0.004111774852704197
1160,2019-10-09,0.0019742088049976366
1161,2019-10-10,0.015314635440924514
1162,2019-10-11,0.00799585728259493
1163,2019-10-14,-0.0005882338027119331
1164,2019-10-15,-0.0008806490526828417
1165,2019-10-16,0.005664257945692805
1166,2019-10-17,0.006336417929807743
1167,2019-10-18,-0.0103451104903299
1168,2019-10-21,0.001302768441301929
1169,2019-10-22,0.00418979430709428
1170,2019-10-23,-0.006532682248389823
1171,2019-10-24,0.020925264667751263
1172,2019-10-25,-0.0027206206435379174
1173,2019-10-28,-0.001605359092249486
1174,2019-10-29,-0.0031589811548165835
1175,2019-10-30,0.011177467079969715
1176,2019-10-31,0.0009760873769243106
1177,2019-11-01,0.015859868839652083
1178,2019-11-04,0.00013561822680519277
1179,2019-11-05,0.0012867714652663525
1180,2019-11-06,0.003314874152586666
1181,2019-11-07,-0.0006047638801185186
1182,2019-11-08,0.009561282868593542
1183,2019-11-11,0.0014864665035643227
1184,2019-11-12,-6.73183515683444e-05
1185,2019-11-13,0.002907812027228103
1186,2019-11-14,0.004476055036708525
1187,2019-11-15,0.007283509653073188
1188,2019-11-18,0.0
1189,2019-11-19,-0.008354505573718465
1190,2019-11-20,-0.009188523612593634
1191,2019-11-21,0.004500866418952935
1192,2019-11-22,-0.0037098676464240054
1193,2019-11-25,-0.007000499289998592
1194,2019-11-26,0.0028435460341886504
1195,2019-11-27,0.002965330094020813
1196,2019-11-29,-0.00127924499981995
1197,2019-12-02,-0.02291266400516214
1198,2019-12-03,-0.001389527696045215
1199,2019-12-04,-0.002897792677926665
1200,2019-12-05,-0.0015808633242657669
1201,2019-12-06,-0.0010194265234979736
1202,2019-12-09,-0.0046289765102968
1203,2019-12-10,-0.002743976477610315
1204,2019-12-11,0.004707323067700994
1205,2019-12-12,0.01020955589996656
1206,2019-12-13,0.005395591183507384
1207,2019-12-16,-0.0018032120511256983
1208,2019-12-17,-0.0038873628607522135
1209,2019-12-18,-0.002633362541893725
1210,2019-12-19,0.002696982155780149
1211,2019-12-20,-0.009343952009461056
1212,2019-12-23,-0.0009335640201985397
1213,2019-12-24,-0.0033318175344342715
1214,2019-12-26,0.00506842804383017
1215,2019-12-27,-0.004768231196763152
1216,2019-12-30,-0.0037224363844414704
1217,2019-12-31,-0.0002002294974806536
1218,2020-01-02,0.02270600803199515
1219,2020-01-03,0.016033939430896028
1220,2020-01-06,0.0014988479672107735
1221,2020-01-07,0.008492488669169124
1222,2020-01-08,0.001959237356816136
1223,2020-01-09,-0.0009752926415167267
1224,2020-01-10,-0.013960109527405088
1225,2020-01-13,0.00019729229263411134
1226,2020-01-14,0.0011230914035917797
1227,2020-01-15,0.002110276618340237
1228,2020-01-16,0.00615950178388441
1229,2020-01-17,0.0005832580563748198
1230,2020-01-21,0.003964630384410546
1231,2020-01-22,-0.0038217005262730823
1232,2020-01-23,0.0012369394458681242
1233,2020-01-24,-0.0013689431753713499
1234,2020-01-27,0.0002648754300398239
1235,2020-01-28,0.015478652445238123
1236,2020-01-29,-0.007146587482049295
1237,2020-01-30,0.016904383266637762
1238,2020-01-31,-0.019582297968148272
1239,2020-02-03,-0.007348099497698842
1240,2020-02-04,0.010234398118271546
1241,2020-02-05,0.00601163799226939
1242,2020-02-06,-0.0010871800149674052
1243,2020-02-07,0.005320562933823739
1244,2020-02-10,-0.0067885440302688635
1245,2020-02-11,-0.018771360158662938
1246,2020-02-12,0.00019339405720333026
1247,2020-02-13,-0.006297517513275161
1248,2020-02-14,0.00248236098912376
1249,2020-02-18,-0.006044662720016518
1250,2020-02-19,-0.005740698837679155
1251,2020-02-20,-0.0032582159719653815
1252,2020-02-21,0.012428175945601656
1253,2020-02-24,-0.005495660711652528
1254,2020-02-25,-0.055135832618674545
1255,2020-02-26,-0.012981404959380194
1256,2020-02-27,-0.027945283526064537
1257,2020-02-28,0.02713539240681233
1258,2020-03-02,0.01954364791898886
1259,2020-03-03,-0.010527119137167926
1260,2020-03-04,0.03421595322373738
1261,2020-03-05,-0.06403134892727862
1262,2020-03-06,0.03961863319009473
1263,2020-03-09,-0.0005198185896725633
1264,2020-03-10,-0.003339752351894276
1265,2020-03-11,-0.07174928878806586
1266,2020-03-12,0.08903526904544397
1267,2020-03-13,-0.033470897555660455
1268,2020-03-16,-0.04645556951392307
1269,2020-03-17,0.01954756250951025
1270,2020-03-18,-0.07502330974521076
1271,2020-03-19,0.05717531960348848
1272,2020-03-20,-0.02734235402151358
1273,2020-03-23,-0.06324213779177458
1274,2020-03-24,0.08314606376024333
1275,2020-03-25,0.09456078125859439
1276,2020-03-26,0.06775512413195402
1277,2020-03-27,-0.008673459468913755
1278,2020-03-30,0.025083277789448286
1279,2020-03-31,-0.030324843018463665
1280,2020-04-01,0.021122033266536056
1281,2020-04-02,-0.040388221621945136
1282,2020-04-03,-0.02098039215686275
1283,2020-04-06,0.056534526431718114
1284,2020-04-07,-0.07465556150770777
1285,2020-04-08,0.07317911133433116
1286,2020-04-09,-0.03417911940298513
1287,2020-04-13,-0.03736573077849609
1288,2020-04-14,0.02263081844050251
1289,2020-04-15,-0.0410768923076923
1290,2020-04-16,-0.00016007044764767062
1291,2020-04-17,0.02038610038610028
1292,2020-04-20,0.00744190697674413
1293,2020-04-21,-0.01524673082751855
1294,2020-04-22,-0.013526103855721283
1295,2020-04-23,-0.00939110986681979
1296,2020-04-24,-0.008596436386370697
1297,2020-04-27,0.0099332609033057
1298,2020-04-28,-0.016987342918851914
1299,2020-04-29,0.008166355105162754
1300,2020-04-30,-0.03914009069563047
1301,2020-05-01,-0.037637779527559104
1302,2020-05-04,-0.01949353548817067
1303,2020-05-05,-0.02090936013638771
1304,2020-05-06,-0.023271518099013795
1305,2020-05-07,-0.027630956376753207
1306,2020-05-08,0.01645871419856691
1307,2020-05-11,-0.006237006128950111
1308,2020-05-12,-0.011502265397311454
1309,2020-05-13,-0.035478730611517274
1310,2020-05-14,0.02259356455642921
1311,2020-05-15,-0.005844664294029704
1312,2020-05-18,0.040431265393305826
1313,2020-05-19,0.0008637070454949767
1314,2020-05-20,-0.015499915099640925
1315,2020-05-21,0.03087476896869243
1316,2020-05-22,-0.006458006399370914
1317,2020-05-26,0.030530690049061806
1318,2020-05-27,-0.005223850746268647
1319,2020-05-28,-0.021954085809160886
1320,2020-05-29,-0.01646343037998257
1321,2020-06-01,-0.013538415384615431
1322,2020-06-02,-0.004709560365626991
1323,2020-06-03,0.04604652713178289
1324,2020-06-04,0.006110342954108594
1325,2020-06-05,0.014641714974541805
1326,2020-06-08,0.022896606896551736
1327,2020-06-09,-0.029043371533561648
1328,2020-06-10,-0.02537778764439398
1329,2020-06-11,-0.01781534559101901
1330,2020-06-12,-0.009095012746778637
1331,2020-06-15,0.06428576190476197
1332,2020-06-16,-0.025854681448376323
1333,2020-06-17,-0.016176441176470577
1334,2020-06-18,0.015950098254592336
1335,2020-06-19,-0.050760707273833916
1336,2020-06-22,0.0035488814549880197
1337,2020-06-23,-0.014054354018550971
1338,2020-06-24,-0.03547430737695544
1339,2020-06-25,0.002298145183786777
1340,2020-06-26,-0.0314651261881351
1341,2020-06-29,0.028742299862806103
1342,2020-06-30,0.009336609489543157
1343,2020-07-01,-0.0027516672507553724
1344,2020-07-02,-0.014041758865222926
1345,2020-07-06,0.004123041482349494
1346,2020-07-07,-0.024464390398714474
1347,2020-07-08,0.0021352989136777943
1348,2020-07-09,-0.04203757006264424
1349,2020-07-10,0.009137073067244499
1350,2020-07-13,-0.015428019499469422
1351,2020-07-14,0.024915271186440737
1352,2020-07-15,0.00946272684724065
1353,2020-07-16,0.0011235955236532232
1354,2020-07-17,-0.004322074526619635
1355,2020-07-20,-0.005988977112155667
1356,2020-07-21,0.016935467741935478
1357,2020-07-22,0.016453722570406483
1358,2020-07-23,-0.007391114955181686
1359,2020-07-24,-0.018035105490193142
1360,2020-07-27,-0.009083568237353783
1361,2020-07-28,-0.011985778685267892
1362,2020-07-29,-0.021416787126576815
1363,2020-07-30,-0.019788468437196605
1364,2020-07-31,-0.011854968412570237
1365,2020-08-03,0.018416805057255084
1366,2020-08-04,-0.003638305550271913
1367,2020-08-05,0.03768368323884812
1368,2020-08-06,0.006218470588235293
1369,2020-08-07,0.02271590149851175
1370,2020-08-10,0.04439029268292677
1371,2020-08-11,-0.01426599127884682
1372,2020-08-12,-0.012897221536798155
1373,2020-08-13,0.0038058673674933804
1374,2020-08-14,0.013375796391334393
1375,2020-08-17,-0.01273988635609035
1376,2020-08-18,-0.009885251755656127
1377,2020-08-19,-0.00612707191228636
1378,2020-08-20,-0.00016390163934431245
1379,2020-08-21,-0.006593011590341515
1380,2020-08-24,0.024503293890619397
1381,2020-08-25,-0.0066818773356929475
1382,2020-08-26,0.0021438159984138528
1383,2020-08-27,0.0023042133740688664
1384,2020-08-28,0.018324656713426927
1385,2020-08-31,-0.019134893377309753
1386,2020-09-01,-0.00016475531660497367
1387,2020-09-02,0.01639344262295082
1388,2020-09-03,-0.021386043116032264
1389,2020-09-04,-0.005204163109313239
1390,2020-09-08,-0.018714822479052293
1391,2020-09-09,-0.003178818805420826
1392,2020-09-10,-0.012935307013852464
1393,2020-09-11,0.019327764705882364
1394,2020-09-14,0.0112598239435351
1395,2020-09-15,-0.004859134925198038
1396,2020-09-16,0.027432984081221988
1397,2020-09-17,0.009320279607906202
1398,2020-09-18,-0.0035160939747482965
1399,2020-09-21,-0.025332931947615028
1400,2020-09-22,-0.0025024691775520987
1401,2020-09-23,-0.02490802407221665
1402,2020-09-24,-0.01154174007823841
1403,2020-09-25,0.010902110267313298
1404,2020-09-28,0.013771716302289544
1405,2020-09-29,-0.018404942058623048
1406,2020-09-30,-0.001215066807584334
1407,2020-10-01,-0.0062262365963333954
1408,2020-10-02,0.049893842887473464
1409,2020-10-05,-0.0056808690286004075
1410,2020-10-06,-0.022738672082617078
1411,2020-10-07,0.006406980165115838
1412,2020-10-08,0.016382464058843187
1413,2020-10-09,-0.02139825185563141
1414,2020-10-12,0.011530731951871542
1415,2020-10-13,-0.003849372384937186
1416,2020-10-14,0.011133603426680282
1417,2020-10-15,0.018864797353289445
1418,2020-10-16,0.012295081967213115
1419,2020-10-19,-0.002272711112750296
1420,2020-10-20,-0.011939303000968054
1421,2020-10-21,-0.001158556807631809
1422,2020-10-22,0.042669749294371624
1423,2020-10-23,-0.007927699381639447
1424,2020-10-26,-0.013625319914831485
1425,2020-10-27,-0.054207813284256424
1426,2020-10-28,-0.05181161138022437
1427,2020-10-29,0.012190457142857202
1428,2020-10-30,0.022590380696355064
1429,2020-11-02,0.006317653201528754
1430,2020-11-03,0.009378924416171339
1431,2020-11-04,-0.0094142432110487
1432,2020-11-05,0.020486744519580723
1433,2020-11-06,0.016137428142678666
1434,2020-11-09,-0.0019963911856698937
1435,2020-11-10,0.027080197491080163
1436,2020-11-11,-0.026607597143899587
1437,2020-11-12,0.0017219943374765588
1438,2020-11-13,0.021148549261323653
1439,2020-11-16,0.016281912856184626
1440,2020-11-17,0.019994165580309392
1441,2020-11-18,-0.0022964834877705416
1442,2020-11-19,0.03583392466616383
1443,2020-11-20,-0.014689279038589922
1444,2020-11-23,0.02569894097712525
1445,2020-11-24,0.003644284175693539
1446,2020-11-25,0.0035349420719940597
1447,2020-11-27,0.0018978853964166096
1448,2020-11-30,-0.01874394684602258
1449,2020-12-01,-0.020489521170386122
1450,2020-12-02,0.010535187230364174
1451,2020-12-03,0.01636388827674551
1452,2020-12-04,0.007222772167733908
1453,2020-12-07,-0.004633360778142295
1454,2020-12-08,0.017625371836989284
1455,2020-12-09,-0.012488250134439943
1456,2020-12-10,0.0001370700269005076
1457,2020-12-11,0.003165359033010821
1458,2020-12-14,-0.03542232873508637
1459,2020-12-15,-0.006433552447552396
1460,2020-12-16,-0.00815181986923918
1461,2020-12-17,-0.010505673210613155
1462,2020-12-18,-0.005668159274479049
1463,2020-12-21,0.01426693800358311
1464,2020-12-22,-0.003453705668548155
1465,2020-12-23,0.013325691168853723
1466,2020-12-24,-0.009584214640629127
1467,2020-12-28,-0.0009900990519135834
1468,2020-12-29,-0.009295830985915503
1469,2020-12-30,0.012198595744680808
1470,2020-12-31,0.002242522837912353
1471,2021-01-04,-0.04132806281849516
1472,2021-01-05,0.00959854538689523
1473,2021-01-06,0.025985386861313922
1474,2021-01-07,-0.008102331431480576
1475,2021-01-08,-0.0014293596545077048
1476,2021-01-11,0.014682395483611057
1477,2021-01-12,0.026259075153994064
1478,2021-01-13,-0.01122023795707279
1479,2021-01-14,-0.0008450422535210297
1480,2021-01-15,-0.015787242662131735
1481,2021-01-19,-0.006018888019760601
1482,2021-01-20,-0.009068734575086548
1483,2021-01-21,-0.0032196837927795812
1484,2021-01-22,-0.002067321292567658
1485,2021-01-25,0.0036341307747708835
1486,2021-01-26,-0.02890173535701165
1487,2021-01-27,-0.01577765518658209
1488,2021-01-28,0.026038470016903365
1489,2021-01-29,-0.005662315516878036
1490,2021-02-01,-0.009467441108504221
1491,2021-02-02,0.03650068084825414
1492,2021-02-03,0.011754586818962435
1493,2021-02-04,0.022653721682848092
1494,2021-02-05,-0.013905876316452062
1495,2021-02-08,0.0029053542183916778
1496,2021-02-09,0.010934269896193824
1497,2021-02-10,-0.003985720066362886
1498,2021-02-11,-0.0019318200368177599
1499,2021-02-12,0.007213275473062831
1500,2021-02-16,-0.0031575372409411223
1501,2021-02-17,0.010651500751811987
1502,2021-02-18,0.005657458180523644
1503,2021-02-19,0.011992437121522327
1504,2021-02-22,0.010380622837370242
1505,2021-02-23,0.00790074878622809
1506,2021-02-24,0.0469065360046762
1507,2021-02-25,-0.04356905590560636
1508,2021-02-26,-0.026241065873123314
1509,2021-03-01,0.011563038727709418
1510,2021-03-02,0.004844570174796852
1511,2021-03-03,0.0036095854167277155
1512,2021-03-04,-0.007997854225454005
1513,2021-03-05,-0.0006646683238865428
1514,2021-03-08,-0.006569438883596914
1515,2021-03-09,-0.015912664177897766
1516,2021-03-10,0.01538456192613884
1517,2021-03-11,0.006268812850986165
1518,2021-03-12,0.006666628205128251
1519,2021-03-15,0.010027938690377356
1520,2021-03-16,-0.015105790153429338
1521,2021-03-17,0.014019870176139015
1522,2021-03-18,-0.016157523148730955
1523,2021-03-19,0.0046153974358973966
1524,2021-03-22,-0.018376760868086133
1525,2021-03-23,-0.014291294648929862
1526,2021-03-24,-0.008920372205678552
1527,2021-03-25,0.032356871700582525
1528,2021-03-26,0.009817774973891049
1529,2021-03-29,-0.008044924225384175
1530,2021-03-30,0.002576616751741123
1531,2021-03-31,-0.007322700787394641
1532,2021-04-01,-0.004252055092744984
1533,2021-04-05,0.0006422167911352043
1534,2021-04-06,-0.0010309834272964678
1535,2021-04-07,0.0014195380415418185
1536,2021-04-08,0.004537871303171364
1537,2021-04-09,-0.0031830913778572523
1538,2021-04-12,0.0060064025559104966
1539,2021-04-13,-0.0038461923076923564
1540,2021-04-14,-0.0005128333333333812
1541,2021-04-15,-0.0024309492102892465
1542,2021-04-16,-0.004707914732557093
1543,2021-04-19,0.006016295211867854
1544,2021-04-20,-0.009126053632671511
1545,2021-04-21,0.026819490348118535
1546,2021-04-22,-0.003164957669703954
1547,2021-04-23,0.021951567617093593
1548,2021-04-26,0.0
1549,2021-04-27,0.0006041082502631289
1550,2021-04-28,0.019636707671697028
1551,2021-04-29,-0.008257479852979368
1552,2021-04-30,0.008358509690181308
1553,2021-05-03,0.0040572313583329975
1554,2021-05-04,-0.0021398120967731074
1555,2021-05-05,0.005978715986322467
1556,2021-05-06,-0.0015328145627357085
1557,2021-05-07,0.010611968178563136
1558,2021-05-10,-0.020953257875279015
1559,2021-05-11,0.0010684235771229874
1560,2021-05-12,-0.02315094301967427
1561,2021-05-13,0.017982939806211184
1562,2021-05-14,0.016933097108339824
1563,2021-05-17,0.017752198865558406
1564,2021-05-18,-0.009512761351952172
1565,2021-05-19,0.00436118596705258
1566,2021-05-20,0.005782452343225173
1567,2021-05-21,-0.0004659289566903223
1568,2021-05-24,-0.00011556249544604601
1569,2021-05-25,-0.004270980177916928
1570,2021-05-26,0.00196916478699962
1571,2021-05-27,0.0012429491525423378
1572,2021-05-28,0.0035067533143267986
1573,2021-06-01,-0.009130386574554799
1574,2021-06-02,-0.006946812324929938
1575,2021-06-03,0.006469174821596131
1576,2021-06-04,0.0041736603683325685
1577,2021-06-07,0.0
1578,2021-06-08,0.002802690677220539
1579,2021-06-09,-0.005707285074896066
1580,2021-06-10,-0.017260611895525257
1581,2021-06-11,0.0012401466033871108
1582,2021-06-14,0.0
1583,2021-06-15,0.005059078304409661
1584,2021-06-16,-0.00896562785053352
1585,2021-06-17,-0.015257752647228022
1586,2021-06-18,0.00023278229958604798
1587,2021-06-21,0.01440922190201729
1588,2021-06-22,-0.0034215670620438387
1589,2021-06-23,-0.009380004790208384
1590,2021-06-24,-0.0037852947923836594
1591,2021-06-25,-0.0035619671786967077
1592,2021-06-28,-0.014816506711616077
1593,2021-06-29,-0.011009545947864066
1594,2021-06-30,0.01150109136832297
1595,2021-07-01,0.009365523515933465
1596,2021-07-02,0.0023121040462427307
1597,2021-07-06,-0.00464308753005021
1598,2021-07-07,0.0077492546142831475
1599,2021-07-08,0.009929125530239464
1600,2021-07-09,-0.0013873179190751095
1601,2021-07-12,0.007713920236417061
1602,2021-07-13,-0.009748126024094993
1603,2021-07-14,-0.003169711199812234
1604,2021-07-15,0.010583981951907776
1605,2021-07-16,-0.024410230399080846
1606,2021-07-19,-0.009168703820218687
1607,2021-07-20,0.04305042891572833
1608,2021-07-21,0.015363023878140744
1609,2021-07-22,-0.005216147161799605
1610,2021-07-23,-0.010607690166919552
1611,2021-07-26,0.002566126120396844
1612,2021-07-27,0.007077659978941974
1613,2021-07-28,-0.02154405223707186
1614,2021-07-29,-0.01105714806692369
1615,2021-07-30,-0.004807210547995527
1616,2021-08-02,-0.006082143746639315
1617,2021-08-03,0.014765243632131757
1618,2021-08-04,-0.012087060708401308
1619,2021-08-05,0.0054391040185578785
1620,2021-08-06,0.0014866209772425383
1621,2021-08-09,0.00022977257591942667
1622,2021-08-10,0.005275834263657819
1623,2021-08-11,0.009224519057613506
1624,2021-08-12,-0.004751119802010912
1625,2021-08-13,-0.009648104645813947
1626,2021-08-16,0.0048431503131556326
1627,2021-08-17,0.0024305439252188476
1628,2021-08-18,-0.006624055550585017
1629,2021-08-19,-0.011621059845344174
1630,2021-08-20,0.009124768770263312
1631,2021-08-23,0.004492752317504119
1632,2021-08-24,0.0037598284131145753
1633,2021-08-25,0.0012847465095276794
1634,2021-08-26,-0.010506677071833906
1635,2021-08-27,0.002582789387180016
1636,2021-08-30,-0.008071061131619118
1637,2021-08-31,0.0012994683685890454
1638,2021-09-01,-0.01221518689470508
1639,2021-09-02,0.004038052400405757
1640,2021-09-03,-0.008651280231735519
1641,2021-09-07,-0.004318629986580697
1642,2021-09-08,0.0004829288788379328
1643,2021-09-09,0.008802652839744287
1644,2021-09-10,-0.014017581373247882
1645,2021-09-13,-0.0016710432283485771
1646,2021-09-14,-0.012649223890839285
1647,2021-09-15,0.02031742005289721
1648,2021-09-16,-0.010831233557070122
1649,2021-09-17,-0.002392594922483262
1650,2021-09-20,0.018925457413297687
1651,2021-09-21,-0.006811651529636829
1652,2021-09-22,0.015481671841352096
1653,2021-09-23,0.01367139486629139
1654,2021-09-24,0.006815340187131889
1655,2021-09-27,-0.004445537292412917
1656,2021-09-28,-0.002985097657522335
1657,2021-09-29,-0.0020649306427654936
1658,2021-09-30,-0.017487701851359096
1659,2021-10-01,0.00783410111172453
1660,2021-10-04,0.007931057471264448
1661,2021-10-05,0.008181829545454504
1662,2021-10-06,0.012131519687013226
1663,2021-10-07,0.0028924574801697076
1664,2021-10-08,0.0035437429608943995
1665,2021-10-11,-0.009149051927369282
1666,2021-10-12,0.0012275415553225967
1667,2021-10-13,-0.0014474780413644625
1668,2021-10-14,-0.012732528786536608
1669,2021-10-15,0.011908737048608587
1670,2021-10-18,0.007769201060359673
1671,2021-10-19,0.0027478565811874067
1672,2021-10-20,0.010916286009123694
1673,2021-10-21,0.0030657943049207824
1674,2021-10-22,0.00207268467487029
1675,2021-10-25,-0.004036162409428687
1676,2021-10-26,0.009853924455159955
1677,2021-10-27,0.00011219293074160633
1678,2021-10-28,-0.0019024059769201438
1679,2021-10-29,-0.0022456434369108815
1680,2021-11-01,-0.004049049418555834
1681,2021-11-02,-0.008245747297478224
1682,2021-11-03,0.01896117049969564
1683,2021-11-04,-0.0031695496114806953
1684,2021-11-05,0.015706840226362078
1685,2021-11-08,-0.006571010986113447
1686,2021-11-09,0.003086749014295587
1687,2021-11-10,-0.009228708280445194
1688,2021-11-11,-0.011434269284318949
1689,2021-11-12,-0.0035882372729312616
1690,2021-11-15,-0.0031239429808304427
1691,2021-11-16,-0.004144673601814986
1692,2021-11-17,-0.014758956404710354
1693,2021-11-18,-0.0032113544394689448
1694,2021-11-19,-0.009507246376811515
1695,2021-11-22,0.011537175423311521
1696,2021-11-23,-0.0001145442052221721
1697,2021-11-24,0.0029909352352467506
1698,2021-11-26,-0.006701747407892388
1699,2021-11-29,-0.013675752820822971
1700,2021-11-30,-0.014612822164655672
1701,2021-12-01,-0.03761865154149806
1702,2021-12-02,0.02011244146986474
1703,2021-12-03,-0.006126700084221295
1704,2021-12-06,0.018358686930091187
1705,2021-12-07,0.006869619803387341
1706,2021-12-08,0.007688770162570845
1707,2021-12-09,0.001860511627906985
1708,2021-12-10,-0.008629616447837236
1709,2021-12-13,-0.013107022110252421
1710,2021-12-14,-0.0015544302841479598
1711,2021-12-15,-0.00035944165300061235
1712,2021-12-16,-0.018514181853449326
1713,2021-12-17,-0.005078573340214179
1714,2021-12-20,0.0
1715,2021-12-21,0.02461126544903307
1716,2021-12-22,0.007067524901741999
1717,2021-12-23,0.004020861022253189
1718,2021-12-27,0.006137830428023763
1719,2021-12-28,0.011167238744563424
1720,2021-12-29,0.003622306529041795
1721,2021-12-30,-0.002789377001518165
1722,2021-12-31,0.003849235838706278
1723,2022-01-03,0.010339207473531462
1724,2022-01-04,0.02446789491972598
1725,2022-01-05,-0.006984445908573623
1726,2022-01-06,-0.0037611061114800363
1727,2022-01-07,0.001994238821310981
1728,2022-01-10,-0.010476367445963943
1729,2022-01-11,0.010920470490761504
1730,2022-01-12,0.0007692307692306943
1731,2022-01-13,0.0019698074623485714
1732,2022-01-14,0.0140581983286699
1733,2022-01-18,-0.006350618496646844
1734,2022-01-19,-0.01135242991229704
1735,2022-01-20,-0.017785660491170075
1736,2022-01-21,-0.014798893407102208
1737,2022-01-24,0.027398928322219636
1738,2022-01-25,0.06247056470588227
1739,2022-01-26,-0.011113580425197363
1740,2022-01-27,-0.0071174267597292765
1741,2022-01-28,0.015286062545958575
1742,2022-01-31,0.006472502996624339
1743,2022-02-01,0.006992286503713319
1744,2022-02-02,0.02480617857786782
1745,2022-02-03,0.007162191922687017
1746,2022-02-04,0.007037689399765199
1747,2022-02-07,0.0060988658902083595
1748,2022-02-08,0.013215367937432209
1749,2022-02-09,-0.0003123919640986736
1750,2022-02-10,-0.002727675199328578
1751,2022-02-11,0.00020994225721788552
1752,2022-02-14,-0.020312029728572375
1753,2022-02-15,0.004808259634929405
1754,2022-02-16,0.007871481589799348
1755,2022-02-17,0.004150260677341065
1756,2022-02-18,-0.008179265011464532
1757,2022-02-22,-0.0008545396009012438
1758,2022-02-23,-0.021845227300788143
1759,2022-02-24,0.013440860215053764
1760,2022-02-25,0.03951694077250699
1761,2022-02-28,0.03716421037661708
1762,2022-03-01,-0.00038916027213669365
1763,2022-03-02,-0.014285704920323983
1764,2022-03-03,-0.01217094819257764
1765,2022-03-04,-0.00360181101356108
1766,2022-03-07,-0.030605182835371843
1767,2022-03-08,-0.0322416481534201
1768,2022-03-09,0.034330677165354366
1769,2022-03-10,0.0034634206674832905
1770,2022-03-11,-0.018829732930043832
1771,2022-03-14,-0.001337830633690072
1772,2022-03-15,-0.0026562526355615444
1773,2022-03-16,-0.012778215037322597
1774,2022-03-17,0.011904782855171494
1775,2022-03-18,-0.0048979897959183305
1776,2022-03-21,0.02146367626589036
1777,2022-03-22,0.015831602730512935
1778,2022-03-23,0.0006919631992105863
1779,2022-03-24,0.000491786327295399
1780,2022-03-25,0.004215686274509871
1781,2022-03-28,-0.0007868791341965744
1782,2022-03-29,0.002280654482511679
1783,2022-03-30,-0.007871642463986393
1784,2022-03-31,-0.00211521960228878
1785,2022-04-01,0.004109823494189652
1786,2022-04-04,-0.008190171548436662
1787,2022-04-05,-0.006735072173248762
1788,2022-04-06,0.0014239117168429933
1789,2022-04-07,0.027786290076335842
1790,2022-04-08,-0.015493243317515846
1791,2022-04-11,0.014606538300939309
1792,2022-04-12,0.004110373850068434
1793,2022-04-13,0.00048396244676736155
1794,2022-04-14,0.0036576956748262217
1795,2022-04-18,0.0003836658280517176
1796,2022-04-19,0.0010532458626340978
1797,2022-04-20,-0.006718385692657177
1798,2022-04-21,-0.038922957750079534
1799,2022-04-22,-0.009462779974256642
1800,2022-04-25,-0.0024035754111883154
1801,2022-04-26,0.023632610451339374
1802,2022-04-27,-0.0038299233639394648
1803,2022-04-28,-0.009292909090909159
1804,2022-04-29,-0.036153112255985415
1805,2022-05-02,-0.0030684688801509465
1806,2022-05-03,0.0023114309728933997
1807,2022-05-04,0.02916100703570917
1808,2022-05-05,-0.015132954546023997
1809,2022-05-06,-0.0042837321521651305
1810,2022-05-09,-0.029408643070016362
1811,2022-05-10,-0.008113370659598211
1812,2022-05-11,-0.002958222952499972
1813,2022-05-12,0.006934562618262216
1814,2022-05-13,-0.0014123302092667726
1815,2022-05-16,0.00685906384015378
1816,2022-05-17,0.006572617267621843
1817,2022-05-18,-0.018233870068188874
1818,2022-05-19,-0.012365911983998019
1819,2022-05-20,-0.008366292750607409
1820,2022-05-23,0.013576203390203097
1821,2022-05-24,0.02203949633901852
1822,2022-05-25,0.002571774539219888
1823,2022-05-26,0.005078322209426185
1824,2022-05-27,0.01129354840406398
1825,2022-05-31,-0.002516757523943398
1826,2022-06-01,-0.01249873945424985
1827,2022-06-02,0.004907601699099941
1828,2022-06-03,0.010171990245679595
1829,2022-06-06,0.0022682854370199733
1830,2022-06-07,0.034266330520683196
1831,2022-06-08,-0.005013536397868152
1832,2022-06-09,-0.009661395105025934
1833,2022-06-10,-0.003443978292631948
1834,2022-06-13,-0.016472361032674358
1835,2022-06-14,-0.012009087958455194
1836,2022-06-15,0.0019544082943411607
1837,2022-06-16,-0.016804019215683058
1838,2022-06-17,-0.006483366940346079
1839,2022-06-21,0.022784810628174227
1840,2022-06-22,0.014912292157202559
1841,2022-06-23,-0.007999978378378377
1842,2022-06-24,0.018378345945945906
1843,2022-06-27,0.003917788989457944
1844,2022-06-28,-0.01729017080582629
1845,2022-06-29,-0.009764359904857065
1846,2022-06-30,0.033774335443967574
1847,2022-07-01,0.010098844036475457
1848,2022-07-05,-0.02107037549663665
