,Date,TSLA
1,2015-03-04,0.016010063538773645
2,2015-03-05,-0.010944071974365296
3,2015-03-06,-0.026755635428834794
4,2015-03-09,-0.018056459594447242
5,2015-03-10,0.00986941499868911
6,2015-03-11,0.013549594559246803
7,2015-03-12,-0.013832232258064433
8,2015-03-13,-0.001428975881741827
9,2015-03-16,0.019270754204648282
10,2015-03-17,-0.003581845253590693
11,2015-03-18,0.029493151685136627
12,2015-03-19,-0.03143566676061057
13,2015-03-20,0.0031906557006505143
14,2015-03-23,0.005692644692880411
15,2015-03-24,0.000694513310124496
16,2015-03-25,-0.020023150754606162
17,2015-03-26,-0.01810022174092411
18,2015-03-27,-0.021526392910731353
19,2015-03-30,0.025396826763348295
20,2015-03-31,-0.024595643450740383
21,2015-04-01,-0.0058823526294459185
22,2015-04-02,0.004047731586823106
23,2015-04-06,0.02575760231099003
24,2015-04-07,0.0036542146969092263
25,2015-04-08,-0.0025456052484536364
26,2015-04-09,0.007964328360496977
27,2015-04-10,0.00500355003565514
28,2015-04-13,-0.0031362858026922663
29,2015-04-14,-0.00532195413237875
30,2015-04-15,0.0017835003908342607
31,2015-04-16,-0.004814660452222744
32,2015-04-17,0.00878094031950477
33,2015-04-20,-0.007302398861166371
34,2015-04-21,0.017541302235179818
35,2015-04-22,0.03265882352941172
36,2015-04-23,0.0015119347943358995
37,2015-04-24,-0.009387687500575441
38,2015-04-27,0.04039360081790082
39,2015-04-28,-0.018189562977858065
40,2015-04-29,0.010432602061838686
41,2015-04-30,-0.01883762356954769
42,2015-05-01,-0.017004392819961606
43,2015-05-04,0.01021121438289015
44,2015-05-05,-0.020230443313864418
45,2015-05-06,-0.01567708244340024
46,2015-05-07,0.07149321105218971
47,2015-05-08,0.002627166294030745
48,2015-05-11,0.0135426808909112
49,2015-05-12,0.019282891576421077
50,2015-05-13,-0.017890978108537244
51,2015-05-14,-0.002940956561127489
52,2015-05-15,0.020128787359668623
53,2015-05-18,0.007084979470243733
54,2015-05-19,-0.005192609483705392
55,2015-05-20,-0.011249140356272766
56,2015-05-21,0.010657161886540029
57,2015-05-22,0.00957700301573063
58,2015-05-26,-0.0008882025373101868
59,2015-05-27,-0.004345901573377351
60,2015-05-28,0.017892625101915763
61,2015-05-29,-0.000796832653449623
62,2015-06-01,-0.007796070009226521
63,2015-06-02,-0.0022899325084364307
64,2015-06-03,0.0031829372115821097
65,2015-06-04,-0.006383878787878736
66,2015-06-05,0.01276418673243519
67,2015-06-08,0.02168628748998552
68,2015-06-09,0.002349236399794972
69,2015-06-10,-0.004763834760543116
70,2015-06-11,-0.007304726368159203
71,2015-06-12,0.001918388553614894
72,2015-06-15,0.0027232880000658444
73,2015-06-16,0.01195378379335176
74,2015-06-17,0.032676429895563616
75,2015-06-18,-0.0004199236480945664
76,2015-06-19,0.00041918826219514084
77,2015-06-22,-0.00900247949647151
78,2015-06-23,0.0282345003886466
79,2015-06-24,-0.006779534047494229
80,2015-06-25,0.0087820977897899
81,2015-06-26,-0.006694205809066847
82,2015-06-29,0.00026722657505673543
83,2015-06-30,0.013066484385696412
84,2015-07-01,-0.0072295009405776425
85,2015-07-02,-0.0006423804310780934
86,2015-07-06,0.003012030209910563
87,2015-07-07,-0.025890909090909082
88,2015-07-08,-0.016813146568453907
89,2015-07-09,-0.004477419929078941
90,2015-07-10,-0.011707688200747506
91,2015-07-13,-0.0003432221097574953
92,2015-07-14,0.01354450643054203
93,2015-07-15,-0.013496326010347172
94,2015-07-16,0.00931036600899375
95,2015-07-17,0.007926587155963258
96,2015-07-20,0.02639999999999997
97,2015-07-21,-0.012145862327193639
98,2015-07-22,0.02526120391697468
99,2015-07-23,-0.009085870572964944
100,2015-07-24,-0.007367809583072477
101,2015-07-27,-0.03589526730937766
102,2015-07-28,0.03546429968859048
103,2015-07-29,-0.0017028039505050953
104,2015-07-30,0.015607827310054664
105,2015-07-31,-0.005418535127055423
106,2015-08-03,-0.023658380405917917
107,2015-08-04,0.02411449606004569
108,2015-08-05,0.02485015934441156
109,2015-08-06,-0.01366512355403691
110,2015-08-07,-0.004392827818375959
111,2015-08-10,0.012555112060568694
112,2015-08-11,0.0009276618174151267
113,2015-08-12,0.013489340425531977
114,2015-08-13,0.011048090552822408
115,2015-08-14,-0.01654265019646299
116,2015-08-17,-0.0022303764282360257
117,2015-08-18,0.020910036024747482
118,2015-08-19,-0.01951375102701371
119,2015-08-20,-0.03919697768779223
120,2015-08-21,-0.02216105885251997
121,2015-08-24,0.07929382808062095
122,2015-08-25,-0.04550579125455495
123,2015-08-26,-0.013556794049857327
124,2015-08-27,0.05190473913626103
125,2015-08-28,0.02737114333204564
126,2015-08-31,0.014005353513448504
127,2015-09-01,-0.007114899577371675
128,2015-09-02,0.009743110278371213
129,2015-09-03,-0.025747858163688356
130,2015-09-04,0.0043173439263284475
131,2015-09-08,0.012732116414287545
132,2015-09-09,-0.012457825828208601
133,2015-09-10,0.005056020811714209
134,2015-09-11,0.010499111613632756
135,2015-09-14,0.008323357062457936
136,2015-09-15,0.0032443521907884417
137,2015-09-16,0.03639738632637584
138,2015-09-17,-0.0071601568419457995
139,2015-09-18,0.010311715194443202
140,2015-09-21,0.000833377512815915
141,2015-09-22,0.007373663282245397
142,2015-09-23,-0.0033975377628849513
143,2015-09-24,0.013832755898460966
144,2015-09-25,-0.036382713258743364
145,2015-09-28,-0.03466096688049425
146,2015-09-29,-0.015211950315658213
147,2015-09-30,-0.01428575340135901
148,2015-10-01,-0.030826977310552586
149,2015-10-02,0.05080647391355002
150,2015-10-05,-0.010810198890443821
151,2015-10-06,0.006083333333333367
152,2015-10-07,-0.019735494231500644
153,2015-10-08,-0.01460355125616196
154,2015-10-09,-0.0010863395399823418
155,2015-10-12,-0.03323016727207502
156,2015-10-13,0.027991374155634637
157,2015-10-14,-0.017174967534666474
158,2015-10-15,0.022547752680953517
159,2015-10-16,0.01779945221487396
160,2015-10-19,0.007064017815982739
161,2015-10-20,-0.06450904761349574
162,2015-10-21,-0.008962616372532014
163,2015-10-22,0.000756333900548441
164,2015-10-23,-0.027488348837209246
165,2015-10-26,0.018355496774635726
166,2015-10-27,-0.0208992510914925
167,2015-10-28,0.007808385599158056
168,2015-10-29,-0.000566658822510425
169,2015-10-30,-0.016492394653403356
170,2015-11-02,0.0233103340991767
171,2015-11-03,-0.025719008650923626
172,2015-11-04,0.02039643081954049
173,2015-11-05,0.005160876807162922
174,2015-11-06,0.007195513810045774
175,2015-11-09,-0.03287690458817978
176,2015-11-10,-0.031233220673734147
177,2015-11-11,0.006015543784370073
178,2015-11-12,-0.022538420931833874
179,2015-11-13,-0.02704860295844097
180,2015-11-16,0.03988551215210624
181,2015-11-17,-0.005576254517280261
182,2015-11-18,0.030629345891405847
183,2015-11-19,0.005713226366499164
184,2015-11-20,-0.015571232915511627
185,2015-11-23,0.0018403036153598485
186,2015-11-24,0.013372358885351699
187,2015-11-25,0.037498846232093305
188,2015-11-27,0.002380269091133509
189,2015-11-30,-0.006600888450714539
190,2015-12-01,0.026529861225228983
191,2015-12-02,-0.021139302905514686
192,2015-12-03,-0.011763228049871994
193,2015-12-04,-0.008947797278073735
194,2015-12-07,0.01506370190900972
195,2015-12-08,-0.003516174247706753
196,2015-12-09,-0.009616254962505613
197,2015-12-10,0.01050242511453821
198,2015-12-11,-0.036494428165512405
199,2015-12-14,0.004919337155058167
200,2015-12-15,-0.0032909342390648228
201,2015-12-16,0.05587577919296623
202,2015-12-17,-0.0023509661601678255
203,2015-12-18,-0.010434110748295502
204,2015-12-21,0.0037550173992183973
205,2015-12-22,-0.021447699445770154
206,2015-12-23,-0.01068141074421971
207,2015-12-24,4.332928521860662e-05
208,2015-12-28,-0.01097237461661422
209,2015-12-29,0.03099189274554707
210,2015-12-30,0.006297548605240951
211,2015-12-31,0.006289023521026366
212,2016-01-04,-0.031683468453461705
213,2016-01-05,-0.012943939144370531
214,2016-01-06,-0.004363659090909037
215,2016-01-07,0.006816377823045515
216,2016-01-08,-0.03148806645295291
217,2016-01-11,-0.02878365631436171
218,2016-01-12,-0.007703237240075567
219,2016-01-13,-0.055186076128484585
220,2016-01-14,0.019633029532836407
221,2016-01-15,0.03025586847906396
222,2016-01-19,-0.019117459174992576
223,2016-01-20,-0.0035105064315320124
224,2016-01-21,-0.007839295265708316
225,2016-01-22,-0.010986352807284012
226,2016-01-25,-0.018394481195779164
227,2016-01-26,-0.01596334519572967
228,2016-01-27,-0.022403679051685225
229,2016-01-28,-0.005713139951959183
230,2016-01-29,0.006580678779643129
231,2016-02-01,0.0433354800629233
232,2016-02-02,-0.05009876701749389
233,2016-02-03,-0.05506836034283891
234,2016-02-04,0.02712369733812805
235,2016-02-05,-0.0507880356560441
236,2016-02-08,-0.057988542329726375
237,2016-02-09,0.041666630070733866
238,2016-02-10,-0.04538209302325583
239,2016-02-11,-0.010065789473684125
240,2016-02-12,-0.025548387096774244
241,2016-02-16,-0.02224322621298045
242,2016-02-17,0.060880536505677166
243,2016-02-18,-0.032768848371162035
244,2016-02-19,0.017841990580593346
245,2016-02-22,0.04479197300681722
246,2016-02-23,0.005960575951440518
247,2016-02-24,0.03617945111952102
248,2016-02-25,0.04914637559473833
249,2016-02-26,0.008691017027503219
250,2016-02-29,-0.0024427754677754454
251,2016-03-01,-0.040669191282841154
252,2016-03-02,0.02509119496495922
253,2016-03-03,0.039621868473649326
254,2016-03-04,0.015353586634019502
255,2016-03-07,0.038496561070835864
256,2016-03-08,-0.004422628883964823
257,2016-03-09,0.020535889412670958
258,2016-03-10,-0.022952404761904837
259,2016-03-11,-0.0020679796582499087
260,2016-03-14,0.011756407518373091
261,2016-03-15,0.018994702944882685
262,2016-03-16,0.018027615505853887
263,2016-03-17,0.022170091257734517
264,2016-03-18,0.015888258402444382
265,2016-03-21,0.012662530537466346
266,2016-03-22,-0.012520572224599015
267,2016-03-23,-0.042131084953545714
268,2016-03-24,0.05547319285722469
269,2016-03-28,-0.005828785584145464
270,2016-03-29,0.0010439775317765952
271,2016-03-30,-0.03488034221445659
272,2016-03-31,0.0018749236940786833
273,2016-04-01,-0.02957149859085893
274,2016-04-04,-0.008550136308804345
275,2016-04-05,0.06224540799357214
276,2016-04-06,0.04508408562200436
277,2016-04-07,-0.03471574339058459
278,2016-04-08,-0.04003835086519574
279,2016-04-11,-0.004302788758908612
280,2016-04-12,-0.006733526784227345
281,2016-04-13,0.024224337048810884
282,2016-04-14,-0.004505849980468328
283,2016-04-15,0.012733257476159835
284,2016-04-18,0.0065416882714524165
285,2016-04-19,-0.022716537161888897
286,2016-04-20,0.01506537836159715
287,2016-04-21,-0.002811337804731176
288,2016-04-22,0.019526698541524393
289,2016-04-25,-0.004703430601489436
290,2016-04-26,0.006705038682801142
291,2016-04-27,-0.00506429287961015
292,2016-04-28,-0.008565158924051288
293,2016-04-29,-0.02974123598538061
294,2016-05-02,0.001242277458432188
295,2016-05-03,-0.021233548196831774
296,2016-05-04,-0.033566330139527
297,2016-05-05,-0.07410489639094599
298,2016-05-06,0.019253568549343143
299,2016-05-09,-0.03152236622653527
300,2016-05-10,0.005492676728146289
301,2016-05-11,0.006599498694566247
302,2016-05-12,-0.0196745421715164
303,2016-05-13,-0.0008181971315813937
304,2016-05-16,0.0006725918646986988
305,2016-05-17,-0.020999808155948194
306,2016-05-18,0.009658115722777132
307,2016-05-19,0.0074431468833243445
308,2016-05-20,0.015162012423660333
309,2016-05-23,-0.016600718983961336
310,2016-05-24,0.006048037857802353
311,2016-05-25,0.0076636912563973055
312,2016-05-26,0.020952381902602343
313,2016-05-27,-0.008667029453152886
314,2016-05-31,0.0008518202630999199
315,2016-06-01,-0.008668999262484108
316,2016-06-02,-0.002868960400495482
317,2016-06-03,-0.004590909090909049
318,2016-06-06,0.012293670288700435
319,2016-06-07,0.04544629475133655
320,2016-06-08,0.007356758227406172
321,2016-06-09,-0.023916845004546945
322,2016-06-10,-0.03782052777561619
323,2016-06-13,-0.007425990550068722
324,2016-06-14,-0.017909356316032587
325,2016-06-15,0.003457063919268436
326,2016-06-16,0.0023456443209998504
327,2016-06-17,-0.01074326247647019
328,2016-06-20,0.0009110933525697701
329,2016-06-21,-0.004848672065947344
330,2016-06-22,-0.01408733107516603
331,2016-06-23,0.003628161888701478
332,2016-06-24,0.01631157675935676
333,2016-06-27,0.04029125955435246
334,2016-06-28,-0.0004952201939283621
335,2016-06-29,0.024667210435645456
336,2016-06-30,-0.0032399162680229647
337,2016-07-01,0.05025705709088347
338,2016-07-05,0.020264197307590562
339,2016-07-06,0.0211428571428571
340,2016-07-07,0.013327100265769654
341,2016-07-08,-0.004683241398456411
342,2016-07-11,0.021913074606449444
343,2016-07-12,0.002454261490406056
344,2016-07-13,-0.013170665772535105
345,2016-07-14,-0.007126232360921703
346,2016-07-15,-0.009527233078948708
347,2016-07-18,0.03009467696925244
348,2016-07-19,0.0011555111111110567
349,2016-07-20,0.008345520562227288
350,2016-07-21,-0.024336349019107344
351,2016-07-22,0.0012613181058003199
352,2016-07-25,0.0348225139430087
353,2016-07-26,0.007993368527092457
354,2016-07-27,-0.003706244004534744
355,2016-07-28,0.011669269576661515
356,2016-07-29,0.017728673986317063
357,2016-08-01,-0.02331208166930286
358,2016-08-02,-0.009460740082383474
359,2016-08-03,-0.006948981988586499
360,2016-08-04,0.02179985821259258
361,2016-08-05,0.0001304565217390805
362,2016-08-08,-0.008070175792551615
363,2016-08-09,0.009963936600120545
364,2016-08-10,-0.011347660606108903
365,2016-08-11,-0.005571096839300197
366,2016-08-12,0.0008872942441042874
367,2016-08-15,-0.0019024644257690795
368,2016-08-16,-0.008337398554259561
369,2016-08-17,-0.004858957677106067
370,2016-08-18,-0.0013850415512466428
371,2016-08-19,0.006531269571441388
372,2016-08-22,-0.00553153856448236
373,2016-08-23,0.002318139368675896
374,2016-08-24,-0.01951116494164276
375,2016-08-25,-0.0096365241523678
376,2016-08-26,-0.00967858085714907
377,2016-08-29,-0.022484624630584253
378,2016-08-30,-0.022072046642913297
379,2016-08-31,0.007508459048340518
380,2016-09-01,-0.03942392897105059
381,2016-09-02,-0.02248801462956565
382,2016-09-06,0.019143829284900226
383,2016-09-07,-0.018442798950987736
384,2016-09-08,-0.010974693059383495
385,2016-09-09,-0.02320558483084069
386,2016-09-12,0.016923076923076836
387,2016-09-13,-0.005125342665313631
388,2016-09-14,0.003371621794553176
389,2016-09-15,0.020001017863504538
390,2016-09-16,0.02484786947410431
391,2016-09-19,-0.0031884056430721403
392,2016-09-20,-0.010684022496592232
393,2016-09-21,-0.00557249142668465
394,2016-09-22,0.00014534884073035535
395,2016-09-23,0.007087722360904649
396,2016-09-26,0.01205813588518494
397,2016-09-27,-0.018316265203911237
398,2016-09-28,-0.005975543491290577
399,2016-09-29,-0.0238326854044913
400,2016-09-30,0.009000519039599444
401,2016-10-03,0.006594512637647343
402,2016-10-04,-0.007930502297759297
403,2016-10-05,-0.017810049104313667
404,2016-10-06,-0.007211300819635997
405,2016-10-07,-0.021840845227839724
406,2016-10-10,-0.001986615346411792
407,2016-10-11,-0.008669779754019733
408,2016-10-12,0.0027867380638650252
409,2016-10-13,-0.0012967082941001031
410,2016-10-14,-0.02068180005980266
411,2016-10-17,-0.01568129916264895
412,2016-10-18,0.015868104705948988
413,2016-10-19,0.019124861363529415
414,2016-10-20,-0.014941618840292875
415,2016-10-21,0.0075025426107113964
416,2016-10-24,0.008756144060792368
417,2016-10-25,-0.002760054077868242
418,2016-10-26,0.0061691789510155024
419,2016-10-27,-0.03468354146477056
420,2016-10-28,-0.019754902444973035
421,2016-10-31,-0.023507333115034623
422,2016-11-01,-0.036608789304747064
423,2016-11-02,-0.010681347575972085
424,2016-11-03,-0.00835973567089249
425,2016-11-04,0.008253994927354421
426,2016-11-07,-0.001962937185880861
427,2016-11-08,0.005934258886791446
428,2016-11-09,0.017016321088835586
429,2016-11-10,-0.029835096305550885
430,2016-11-11,0.023447731220147615
431,2016-11-14,-0.034840347597890904
432,2016-11-15,0.0054164022321917735
433,2016-11-16,0.0070079388723772
434,2016-11-17,0.028175811860274975
435,2016-11-18,-0.02953052636951151
436,2016-11-21,-0.0028102032752432577
437,2016-11-22,0.028680640031226792
438,2016-11-23,0.013273069971508738
439,2016-11-25,0.01554433444679991
440,2016-11-28,0.0032739409843988406
441,2016-11-29,-0.030629960114542925
442,2016-11-30,-0.00837696313149312
443,2016-12-01,-0.03383805929147096
444,2016-12-02,-0.007710001093613327
445,2016-12-05,0.02350561677457717
446,2016-12-06,0.001778730056058658
447,2016-12-07,0.03760410958904118
448,2016-12-08,0.0012496745639156944
449,2016-12-09,0.006863336302195157
450,2016-12-12,-0.0019191130207699592
451,2016-12-13,0.025727273748458818
452,2016-12-14,-0.0002516352960743879
453,2016-12-15,-0.004183256997713165
454,2016-12-16,0.0222637312635368
455,2016-12-19,0.0011852436864721967
456,2016-12-20,0.028268849340831122
457,2016-12-21,-0.0035979372414953435
458,2016-12-22,0.0011045528502411984
459,2016-12-23,0.025673102195822278
460,2016-12-27,0.021639891025693726
461,2016-12-28,-0.008080124588091792
462,2016-12-29,-0.01775258429023683
463,2016-12-30,-0.012066551644315863
464,2017-01-03,0.00991340873126681
465,2017-01-04,0.05699645967412197
466,2017-01-05,0.0014574242558078006
467,2017-01-06,0.009165733522860195
468,2017-01-09,0.010088701796931913
469,2017-01-10,-0.009181098742194051
470,2017-01-11,0.002881215411909314
471,2017-01-12,0.002313782415087841
472,2017-01-13,0.0336956304347826
473,2017-01-17,-0.004731706801859025
474,2017-01-18,0.0072258395425379715
475,2017-01-19,-0.01411530810686945
476,2017-01-20,-0.0029740080455880557
477,2017-01-23,0.012487330180489316
478,2017-01-24,0.018440020000000033
479,2017-01-25,-0.0110372892216668
480,2017-01-26,-0.006999940736956226
481,2017-01-27,0.006245504689205543
482,2017-01-30,-0.0075238980017443375
483,2017-01-31,0.010792850264804983
484,2017-02-01,-0.015056332443067883
485,2017-02-02,0.012925868022184626
486,2017-02-03,-0.002302429439085331
487,2017-02-06,0.026972111016491798
488,2017-02-07,-0.002749951586041248
489,2017-02-08,0.018379618838554
490,2017-02-09,0.011079812206572833
491,2017-02-10,-0.0020756699655286944
492,2017-02-13,0.03641870496451773
493,2017-02-14,0.006988477941440044
494,2017-02-15,-0.0008571428571428896
495,2017-02-16,-0.03115992435158513
496,2017-02-17,0.024191102332580962
497,2017-02-21,0.007043038664004276
498,2017-02-22,-0.024258856266276614
499,2017-02-23,-0.030340852847364586
500,2017-02-24,0.017177253677328145
501,2017-02-27,-0.007817242370496939
502,2017-02-28,0.02375199590990638
503,2017-03-01,-0.016366295860537748
504,2017-03-02,0.0030835768875180527
505,2017-03-03,0.003310201868672844
506,2017-03-06,0.01331128205172687
507,2017-03-07,-0.013218482320150965
508,2017-03-08,-0.0005263360110795305
509,2017-03-09,-0.011024532346150943
510,2017-03-10,-0.010235205510840223
511,2017-03-13,0.005514255258674551
512,2017-03-14,0.04831168989476246
513,2017-03-15,-0.004941672959467975
514,2017-03-16,-0.0013338414634146397
515,2017-03-17,-0.009469697149047294
516,2017-03-20,0.005065234172395186
517,2017-03-21,-0.04622759783024777
518,2017-03-22,0.01371440213070441
519,2017-03-23,-0.0023884647478065427
520,2017-03-24,0.029174834360086607
521,2017-03-27,0.036914812680637225
522,2017-03-28,0.0015522886714368408
523,2017-03-29,-0.003448965356200438
524,2017-03-30,-0.0004316285271316862
525,2017-03-31,-0.0015426757630207567
526,2017-04-03,0.04050188148306242
527,2017-04-04,0.022937856544102395
528,2017-04-05,-0.023308187271417882
529,2017-04-06,0.006130473695272003
530,2017-04-07,0.016941159663865515
531,2017-04-10,0.010480332832594743
532,2017-04-11,-0.014902004194619945
533,2017-04-12,-0.031011326271093362
534,2017-04-13,0.024603960229187666
535,2017-04-17,-0.004162586650766571
536,2017-04-18,0.001835168532451918
537,2017-04-19,0.010117023571430498
538,2017-04-20,-0.01305012929594888
539,2017-04-21,0.011920479737732447
540,2017-04-24,-0.0038484411147908276
541,2017-04-25,0.018798718142815505
542,2017-04-26,-0.007042913964896025
543,2017-04-27,-0.009817430623096132
544,2017-04-28,0.013684907852693436
545,2017-05-01,0.025247712612813947
546,2017-05-02,-0.015771650504398976
547,2017-05-03,-0.020933689048383476
548,2017-05-04,-0.0389669535351118
549,2017-05-05,0.03473154478964916
550,2017-05-08,-0.011933097458989987
551,2017-05-09,0.0383993800245552
552,2017-05-10,0.011382060043665975
553,2017-05-11,-0.0009275974025975547
554,2017-05-12,-0.002058544272174369
555,2017-05-15,-0.00785225214919675
556,2017-05-16,-0.0018262854048841416
557,2017-05-17,-0.026336684574467476
558,2017-05-18,0.019739380464515316
559,2017-05-19,-0.01480187051669958
560,2017-05-22,-0.00783249667786929
561,2017-05-23,-0.021258777640578142
562,2017-05-24,0.0121040263646872
563,2017-05-25,0.018680503161862535
564,2017-05-26,0.02477305495503893
565,2017-05-30,0.02791411171383961
566,2017-05-31,0.009831516780730335
567,2017-06-01,-0.010552412330563388
568,2017-06-02,0.0002354386721770067
569,2017-06-05,0.02605613113985825
570,2017-06-06,0.023643718490173327
571,2017-06-07,0.00928890972916064
572,2017-06-08,0.01718213058419244
573,2017-06-09,-0.04567071554655005
574,2017-06-12,0.002849269532668548
575,2017-06-13,0.022659267105727066
576,2017-06-14,-0.0011283161161847772
577,2017-06-15,0.007624174496644233
578,2017-06-16,-0.017408354709133322
579,2017-06-19,-0.01386668000000005
580,2017-06-20,-0.011760984416067178
581,2017-06-21,0.00547610502967399
582,2017-06-22,0.012222585253578125
583,2017-06-23,0.002614773241332899
584,2017-06-26,-0.02379161694606597
585,2017-06-27,-0.03727417690321698
586,2017-06-28,0.012435938862713264
587,2017-06-29,-0.026604785985138317
588,2017-06-30,-0.005773803542951846
589,2017-07-03,-0.04759068634901765
590,2017-07-05,-0.05792054844698898
591,2017-07-06,-0.026571282229086515
592,2017-07-07,-0.0008931419315287951
593,2017-07-10,0.010067065833586951
594,2017-07-11,0.03550631272933053
595,2017-07-12,-0.0026634835755603393
596,2017-07-13,-0.020296324545015596
597,2017-07-14,0.014202172096908817
598,2017-07-17,-0.01833877500956027
599,2017-07-18,0.03382681889763784
600,2017-07-19,-0.009048562955941739
601,2017-07-20,0.009238360778756281
602,2017-07-21,-0.0032173557705746625
603,2017-07-24,0.03718509434888693
604,2017-07-25,-0.015652202898550627
605,2017-07-26,0.010253819635882858
606,2017-07-27,-0.0333525881511237
607,2017-07-28,-0.005402327329464573
608,2017-07-31,-0.035856901217791344
609,2017-08-01,-0.010619148935577373
610,2017-08-02,0.021790980177807007
611,2017-08-03,0.005096530706960528
612,2017-08-04,0.028559105805213005
613,2017-08-07,-0.0061005176143763724
614,2017-08-08,0.021508713457977603
615,2017-08-09,0.007008365942175931
616,2017-08-10,-0.01714599004424779
617,2017-08-11,0.002521220376553603
618,2017-08-14,-0.0022762936836123364
619,2017-08-15,-0.007858680067652286
620,2017-08-16,-0.0002478925688123854
621,2017-08-17,-0.025719028780447347
622,2017-08-18,-0.015443087253930466
623,2017-08-21,-0.02301778348537115
624,2017-08-22,0.0006449007898719115
625,2017-08-23,0.04065022746910951
626,2017-08-24,0.0011630687950491166
627,2017-08-25,-0.017474014792231284
628,2017-08-28,-0.00466478051334982
629,2017-08-29,0.023211910969016515
630,2017-08-30,0.010038093346243443
631,2017-08-31,0.006646881723191802
632,2017-09-01,-0.002021748315480194
633,2017-09-05,-0.01189942024026519
634,2017-09-06,-0.014220371553065247
635,2017-09-07,0.013382319980668165
636,2017-09-08,-0.01601760864283811
637,2017-09-11,0.03512170350597849
638,2017-09-12,-0.0047737933232546706
639,2017-09-13,0.006624182287944705
640,2017-09-14,0.03653285633352431
641,2017-09-15,0.014151798349843705
642,2017-09-18,0.012491741782048269
643,2017-09-19,-0.012894776315789426
644,2017-09-20,0.002439678349589261
645,2017-09-21,-0.02245938827183028
646,2017-09-22,-0.0420201796237351
647,2017-09-25,-0.023106273103763557
648,2017-09-26,-0.016185479277297958
649,2017-09-27,-0.02552161936889305
650,2017-09-28,-0.0008238201960638721
651,2017-09-29,-0.0022231468372097473
652,2017-10-02,-0.002890313058808602
653,2017-10-03,0.03643938672223873
654,2017-10-04,0.010704612099644097
655,2017-10-05,-0.001881952326486738
656,2017-10-06,0.010705125571858105
657,2017-10-09,-0.019190662090662166
658,2017-10-10,0.025345948308161188
659,2017-10-11,0.002006244878352044
660,2017-10-12,0.007734892066008979
661,2017-10-13,-0.0039498849263329885
662,2017-10-16,-0.008932553269625653
663,2017-10-17,0.013792753324110871
664,2017-10-18,0.010337949827232691
665,2017-10-19,-0.010546743165710429
666,2017-10-20,-0.02152038556464928
667,2017-10-23,-0.036755445774421185
668,2017-10-24,-0.004309326909405959
669,2017-10-25,-0.03225418962008855
670,2017-10-26,-0.004911815852095782
671,2017-10-27,0.003502783369776588
672,2017-10-30,0.002819725590884739
673,2017-10-31,0.03528716969950254
674,2017-11-01,-0.03361917382780312
675,2017-11-02,-0.0028987438293615374
676,2017-11-03,0.02200328808002374
677,2017-11-06,-0.013745960464301014
678,2017-11-07,0.016709853443456477
679,2017-11-08,-0.0036333880076395634
680,2017-11-09,0.0016198347107437847
681,2017-11-10,0.0016198347107437847
682,2017-11-13,0.05087796869893098
683,2017-11-14,-0.0199999682539683
684,2017-11-15,0.017286984085487483
685,2017-11-16,-0.0047453740564986436
686,2017-11-17,-0.03260977219533097
687,2017-11-20,-0.016093534148531343
688,2017-11-21,0.022357314830513432
689,2017-11-22,-0.013164125390661932
690,2017-11-24,0.005608878638721397
691,2017-11-27,0.01136469237463075
692,2017-11-28,0.003761521743607343
693,2017-11-29,-0.03075953404915757
694,2017-11-30,0.0009398171849943368
695,2017-12-01,0.0035686058871037367
696,2017-12-04,-0.00424140300556943
697,2017-12-05,0.005629138886452293
698,2017-12-06,0.043852049316894334
699,2017-12-07,-0.0024359133834642908
700,2017-12-08,0.0016847266905507718
701,2017-12-11,0.045386629459788226
702,2017-12-12,0.03201702418018003
703,2017-12-13,-0.005572947771079787
704,2017-12-14,-0.009149291407174793
705,2017-12-15,0.004122398145936246
706,2017-12-18,-0.017483342237604723
707,2017-12-19,-0.02692060404042199
708,2017-12-20,-0.011151582219135592
709,2017-12-21,0.006280560791901627
710,2017-12-22,-0.01308001274619886
711,2017-12-26,-0.02019576660895782
712,2017-12-27,-0.01379749978168516
713,2017-12-28,0.011579807909536721
714,2017-12-29,-0.015276108545764977
715,2018-01-02,0.027339758739110306
716,2018-01-03,-0.011682181231254512
717,2018-01-04,0.005593361370643326
718,2018-01-05,-0.000126318613380181
719,2018-01-08,0.06458855910461142
720,2018-01-09,-0.0043859501248940756
721,2018-01-10,0.007826565086496977
722,2018-01-11,0.008083746334733969
723,2018-01-12,-0.0071168386473979715
724,2018-01-16,0.007465751875373883
725,2018-01-17,0.019649263675235323
726,2018-01-18,-0.003182254613551135
727,2018-01-19,0.01455069565217385
728,2018-01-22,0.00618201228600497
729,2018-01-23,-0.020027791666666732
730,2018-01-24,-0.024507854362908258
731,2018-01-25,-0.030522282001353478
732,2018-01-26,0.003953103779512124
733,2018-01-29,0.02848310977662043
734,2018-01-30,0.0019702294720981796
735,2018-01-31,0.01956779689171238
736,2018-02-01,-0.004985740953806549
737,2018-02-02,-0.013460049738259205
738,2018-02-05,-0.014320841662844731
739,2018-02-06,0.026936425694166814
740,2018-02-07,0.01772918158629384
741,2018-02-08,-0.08179199199883525
742,2018-02-09,-0.02972525239896218
743,2018-02-12,-0.0012653338416052362
744,2018-02-13,0.027426829171899182
745,2018-02-14,0.004581707464494872
746,2018-02-15,0.029491539923219092
747,2018-02-16,0.008992481203007503
748,2018-02-20,0.0008970162150723907
749,2018-02-21,-0.008124229858580632
750,2018-02-22,0.031710993128289955
751,2018-02-23,0.012132391911784772
752,2018-02-26,0.011089165958522038
753,2018-02-27,-0.014764940350877217
754,2018-02-28,-0.026973366990952166
755,2018-03-01,-0.0408104408685319
756,2018-03-02,0.024894456853969103
757,2018-03-05,0.0028881887040008852
758,2018-03-06,-0.01662922846441943
759,2018-03-07,0.02107918607481491
760,2018-03-08,-0.011296025525687039
761,2018-03-09,0.009472354211663212
762,2018-03-12,0.051428699674386104
763,2018-03-13,0.04026043029731309
764,2018-03-14,-0.030080785874841896
765,2018-03-15,-0.011476046078633223
766,2018-03-16,-0.0048927322468140105
767,2018-03-19,-0.009289052279447926
768,2018-03-20,-0.013719916373740253
769,2018-03-21,0.02024175697408146
770,2018-03-22,-0.015260122973016
771,2018-03-23,-0.031196803212851367
772,2018-03-26,-0.01028177279693126
773,2018-03-27,-0.08164473818494633
774,2018-03-28,-0.025701111195101663
775,2018-03-29,0.03758435026706693
776,2018-04-02,-0.014750663676552356
777,2018-04-03,-0.008487139417257173
778,2018-04-04,0.13513727351847457
779,2018-04-05,0.05661161609179513
780,2018-04-06,-0.005647840437743571
781,2018-04-09,-0.035656056935512
782,2018-04-10,0.019165802909419067
783,2018-04-11,0.0006318082169283597
784,2018-04-12,-0.02725587081146029
785,2018-04-13,-0.010737812734884522
786,2018-04-16,-0.02605347869654643
787,2018-04-17,-0.004084882614493758
788,2018-04-18,0.00779850900096191
789,2018-04-19,0.030919317713343403
790,2018-04-20,-0.016702239387471576
791,2018-04-23,-0.027189382182522242
792,2018-04-24,-0.005403491228070217
793,2018-04-25,-0.0099118340403557
794,2018-04-26,0.024143515695067286
795,2018-04-27,0.030521795729722797
796,2018-04-30,0.0009876877490547877
797,2018-05-01,0.021839136656332
798,2018-05-02,0.00864117277956293
799,2018-05-03,0.020302019805266056
800,2018-05-04,0.03918733354018852
801,2018-05-07,0.017714302521008394
802,2018-05-08,0.0038896442819149994
803,2018-05-09,0.021437335284488972
804,2018-05-10,-0.008065008130081304
805,2018-05-11,-0.02157944391323618
806,2018-05-14,-0.03741922660195123
807,2018-05-15,-0.002912178571140932
808,2018-05-16,0.00933661010704658
809,2018-05-17,-0.004756890521161262
810,2018-05-18,-0.027507500439135735
811,2018-05-21,0.011232360772622164
812,2018-05-22,-0.04430774062787533
813,2018-05-23,0.004716320014268524
814,2018-05-24,-0.001975574712643668
815,2018-05-25,0.004394319698982145
816,2018-05-29,0.018850292628630923
817,2018-05-30,0.029757509446900615
818,2018-05-31,-0.008634831505956717
819,2018-06-01,0.020849313985004662
820,2018-06-04,0.008153835700210587
821,2018-06-05,-0.022069180012274363
822,2018-06-06,0.06322802207081607
823,2018-06-07,-0.00018979914597497914
824,2018-06-08,-0.0042005956771253026
825,2018-06-11,0.029735497034750952
826,2018-06-12,-0.005599085999446408
827,2018-06-13,-0.005566640467538914
828,2018-06-14,0.02902508372371375
829,2018-06-15,0.012237240341319266
830,2018-06-18,0.04341584008396629
831,2018-06-19,-0.03453275371159915
832,2018-06-20,0.011674644964958016
833,2018-06-21,-0.0400276646401198
834,2018-06-22,-0.05094727557244221
835,2018-06-25,0.008754316346955178
836,2018-06-26,0.017705743456416425
837,2018-06-27,-0.001449246376811585
838,2018-06-28,0.0036424882796281966
839,2018-06-29,-0.02937769224237961
840,2018-07-02,-0.0694309439831144
841,2018-07-03,-0.06296905992370938
842,2018-07-05,-0.014660855664534284
843,2018-07-06,0.012952893492280909
844,2018-07-09,0.020898122069587514
845,2018-07-10,-0.006439487008280921
846,2018-07-11,0.010006333122229339
847,2018-07-12,-0.014684440717211686
848,2018-07-13,0.010425201051631926
849,2018-07-16,-0.005165041307064891
850,2018-07-17,0.044946746463088334
851,2018-07-18,-0.003538507692307637
852,2018-07-19,0.012328881426498878
853,2018-07-20,-0.023814742588963017
854,2018-07-23,0.004505681818181834
855,2018-07-24,-0.022961681607018055
856,2018-07-25,0.04043945878546881
857,2018-07-26,0.005904559522641256
858,2018-07-27,-0.03277461297356208
859,2018-07-30,-0.019364650219668822
860,2018-07-31,0.020153926088042288
861,2018-08-01,0.009564062552434693
862,2018-08-02,0.06424297806339173
863,2018-08-03,0.0010351485601421426
864,2018-08-06,-0.0100445778073622
865,2018-08-07,0.10391465809430707
866,2018-08-08,0.0033867078031549515
867,2018-08-09,-0.03583645143159001
868,2018-08-10,0.004208996996793844
869,2018-08-13,-0.01307008592667702
870,2018-08-14,-0.030157650156014792
871,2018-08-15,-0.009417755583764302
872,2018-08-16,-0.013121208169185647
873,2018-08-17,-0.05564140907147178
874,2018-08-20,0.057387727116900905
875,2018-08-21,0.03634775002904769
876,2018-08-22,0.0023997100134191237
877,2018-08-23,0.0030080529392752108
878,2018-08-24,0.006610601911608955
879,2018-08-27,0.003993742263954157
880,2018-08-28,-0.020570915181227205
881,2018-08-29,-0.016953008396670532
882,2018-08-30,0.0029445014226163213
883,2018-08-31,-0.0011258443335813535
884,2018-09-04,-0.026907775981679826
885,2018-09-05,-0.015120137348540239
886,2018-09-06,-0.013518258664295325
887,2018-09-07,0.012072260668973385
888,2018-09-10,0.04479246871111758
889,2018-09-11,-0.00010736393696355371
890,2018-09-12,0.032333784548528394
891,2018-09-13,0.004999618082077664
892,2018-09-14,0.022302292947470076
893,2018-09-17,0.016549441741646714
894,2018-09-18,-0.03953621558636592
895,2018-09-19,0.06598695116061899
896,2018-09-20,-0.017228916285778245
897,2018-09-21,0.004702703985510576
898,2018-09-24,0.004020403444458596
899,2018-09-25,0.0033000333333333743
900,2018-09-26,0.025404921996621494
901,2018-09-27,-0.017193991141131643
902,2018-09-28,-0.020313754174267423
903,2018-10-01,0.01612323014231668
904,2018-10-02,-0.04118493325075745
905,2018-10-03,-0.028121204628622186
906,2018-10-04,-0.041231501254779694
907,2018-10-05,-0.046240688148552644
908,2018-10-08,-0.05277481953679904
909,2018-10-09,0.029578884027010463
910,2018-10-10,-0.029212840988382154
911,2018-10-11,-0.020580165018052893
912,2018-10-12,-0.008505746963491488
913,2018-10-15,0.0020458388018220522
914,2018-10-16,0.04098611292785307
915,2018-10-17,-0.03760625
916,2018-10-18,-0.019978479706692386
917,2018-10-19,-0.027637551373694745
918,2018-10-22,0.0010356950653792464
919,2018-10-23,0.11471560293764364
920,2018-10-24,-0.04168739481294466
921,2018-10-25,-0.007439631801273584
922,2018-10-26,0.0734792839098368
923,2018-10-29,-0.007763682352638204
924,2018-10-30,0.004598221556712752
925,2018-10-31,0.01437411975818916
926,2018-11-01,0.017797005262224327
927,2018-11-02,0.007767454940253453
928,2018-11-05,0.0026431865680819006
929,2018-11-06,0.005868920612163163
930,2018-11-07,0.014038635376574762
931,2018-11-08,0.008321406383991774
932,2018-11-09,0.004326561418629071
933,2018-11-12,-0.04905713470981233
934,2018-11-13,0.016718662701485153
935,2018-11-14,0.003793434435462002
936,2018-11-15,0.01784828887995705
937,2018-11-16,0.026420202600880436
938,2018-11-19,-0.008054077792391517
939,2018-11-20,0.016795947821388418
940,2018-11-21,-0.03923298183997204
941,2018-11-23,-0.025482322768850485
942,2018-11-26,0.0646153384615384
943,2018-11-27,0.011380605458591214
944,2018-11-28,0.005433668760185913
945,2018-11-29,-0.016801166662790502
946,2018-11-30,0.025305035776776695
947,2018-12-03,-0.004194472222222245
948,2018-12-04,0.010251411462595452
949,2018-12-06,0.019802771559670727
950,2018-12-07,-0.029891611251018517
951,2018-12-10,0.014305541666666718
952,2018-12-11,-0.008515652225794012
953,2018-12-12,-0.007633628080492793
954,2018-12-13,0.017938714277167495
955,2018-12-14,-0.024773359999999987
956,2018-12-17,-0.03751386636702024
957,2018-12-18,-0.03854059341186192
958,2018-12-19,-0.01371438153351814
959,2018-12-20,-0.03568267630743457
960,2018-12-21,0.0074669029615627965
961,2018-12-24,-0.05776717611216628
962,2018-12-26,0.08696669999999998
963,2018-12-27,-0.011599503057771087
964,2018-12-28,0.033333316310740484
965,2018-12-31,-0.014772506805596806
966,2019-01-02,0.013132913865845827
967,2019-01-03,-0.02162871265053057
968,2019-01-04,0.038202564735252235
969,2019-01-07,0.04115371934745362
970,2019-01-08,-0.019329717491218895
971,2019-01-09,0.009031341550859676
972,2019-01-10,0.031608942805425116
973,2019-01-11,0.01511304064885046
974,2019-01-14,-0.02330745146642479
975,2019-01-15,0.028149283582089624
976,2019-01-16,0.0036834792667282974
977,2019-01-17,0.0031772769349791624
978,2019-01-18,-0.06421049734397827
979,2019-01-22,-0.01935570140811467
980,2019-01-23,-0.01678629059829055
981,2019-01-24,0.02996147104479157
982,2019-01-25,0.009001715717304123
983,2019-01-28,0.011846642111115368
984,2019-01-29,0.0074169403018095655
985,2019-01-30,0.027691828923281682
986,2019-01-31,0.01999996644518326
987,2019-02-01,0.022231697334817536
988,2019-02-04,-0.0002875902567642099
989,2019-02-05,0.02835284283732533
990,2019-02-06,-0.007415735902495934
991,2019-02-07,-0.018480705394190854
992,2019-02-08,-0.0033569239748896225
993,2019-02-11,0.0039794768934531795
994,2019-02-12,-0.01388364914978964
995,2019-02-13,-0.013382455364455662
996,2019-02-14,0.0012855659780731832
997,2019-02-15,0.01110013099835366
998,2019-02-19,-0.0030010764613778635
999,2019-02-20,-0.0060773134916724154
1000,2019-02-21,-0.0350552002915742
1001,2019-02-22,0.0007470881990404969
1002,2019-02-25,0.00288679462108031
1003,2019-02-26,0.01930050988980897
1004,2019-02-27,0.042945242278236595
1005,2019-02-28,0.0030101906434215828
1006,2019-03-01,-0.039584283573336806
1007,2019-03-04,-0.0428015892459146
1008,2019-03-05,-0.019361754632561862
1009,2019-03-06,-0.0008680555398571176
1010,2019-03-07,-0.008069161236940141
1011,2019-03-08,0.026109548228666363
1012,2019-03-11,0.02610043429212108
1013,2019-03-12,-0.010925320255506304
1014,2019-03-13,0.01782319510079606
1015,2019-03-14,-0.00851429275040878
1016,2019-03-15,-0.02849989418362663
1017,2019-03-18,-0.023586992326322633
1018,2019-03-19,-0.00011216822429902249
1019,2019-03-20,0.014498146019503893
1020,2019-03-21,0.005209115920762957
1021,2019-03-22,-0.029532633163339886
1022,2019-03-25,0.0027337991849795224
1023,2019-03-26,0.012592667523823957
1024,2019-03-27,0.022623255813953507
1025,2019-03-28,0.005267715494077736
1026,2019-03-29,0.004162145527013156
1027,2019-04-01,0.023211397750031806
1028,2019-04-02,-0.008394051335414486
1029,2019-04-03,0.015627157600808177
1030,2019-04-04,0.0224903975902248
1031,2019-04-05,0.018898706736826514
1032,2019-04-08,-0.01616909201516408
1033,2019-04-09,0.0024295968183472164
1034,2019-04-10,-0.0024571438895714523
1035,2019-04-11,0.00044722325754763254
1036,2019-04-12,-0.00932569775230739
1037,2019-04-15,-0.008375851231215758
1038,2019-04-16,0.028635916137877117
1039,2019-04-17,-0.012811701313708805
1040,2019-04-18,0.0074844599596084645
1041,2019-04-22,-0.0232342011753569
1042,2019-04-23,0.01441476099201924
1043,2019-04-24,-0.01967030509759344
1044,2019-04-25,-0.02890194117647057
1045,2019-04-26,-0.046085173348583655
1046,2019-04-29,0.023785253459992037
1047,2019-04-30,-0.013922168345083199
1048,2019-05-01,-0.020263805735817573
1049,2019-05-02,-0.005783642880417052
1050,2019-05-03,0.045805012011092605
1051,2019-05-06,0.021278276886718038
1052,2019-05-07,-0.037928387111986143
1053,2019-05-08,-0.008504110310196792
1054,2019-05-09,-8.268594699644514e-05
1055,2019-05-10,-0.0009593743282716809
1056,2019-05-13,-0.021550795224343777
1057,2019-05-14,0.013126929500066983
1058,2019-05-15,0.011468712343830139
1059,2019-05-16,-0.005054664801400206
1060,2019-05-17,-0.049243041504912675
1061,2019-05-20,0.012623224540847482
1062,2019-05-21,0.03701459026166019
1063,2019-05-22,-0.031993947764942327
1064,2019-05-23,0.005917464237933438
1065,2019-05-24,-0.04603915828454188
1066,2019-05-28,-0.013075313123676094
1067,2019-05-29,0.014751524038029122
1068,2019-05-30,-0.002807920529801247
1069,2019-05-31,0.0003241761210156113
1070,2019-06-03,-0.03525421715125289
1071,2019-06-04,0.06902263752008178
1072,2019-06-05,-0.010519403060197169
1073,2019-06-06,0.007386005674036444
1074,2019-06-07,-0.002438975609756082
1075,2019-06-10,0.01250894203350637
1076,2019-06-11,-0.009309140488024533
1077,2019-06-12,-0.06140387979367575
1078,2019-06-13,0.016779185283772233
1079,2019-06-14,0.017372804733727792
1080,2019-06-17,0.04431965740858407
1081,2019-06-18,-0.017401124025033313
1082,2019-06-19,0.005863800050281992
1083,2019-06-20,-0.015156906509278317
1084,2019-06-21,0.02608461349747047
1085,2019-06-24,0.001791838420351164
1086,2019-06-25,-0.020633674434407702
1087,2019-06-26,-0.004720620943216341
1088,2019-06-27,0.015447756104984174
1089,2019-06-28,0.011176953202545109
1090,2019-07-01,-0.013205377698622974
1091,2019-07-02,-0.018961073004500024
1092,2019-07-03,-0.018755963856299948
1093,2019-07-05,-0.006266828531635982
1094,2019-07-08,-0.00389206011304142
1095,2019-07-09,0.004760492744911806
1096,2019-07-10,0.020371513116740816
1097,2019-07-11,0.0019316999215462593
1098,2019-07-12,0.02223144896284779
1099,2019-07-15,0.022177480732962954
1100,2019-07-16,0.012354612668379294
1101,2019-07-17,-0.003168126944266603
1102,2019-07-18,-0.005920368787311159
1103,2019-07-19,0.009738394149164997
1104,2019-07-22,-0.011864695652173957
1105,2019-07-23,0.013478263672592835
1106,2019-07-24,0.022031909557433303
1107,2019-07-25,-0.02004284753655567
1108,2019-07-26,0.004935726355890237
1109,2019-07-29,0.03822273191736159
1110,2019-07-30,0.040188877621774206
1111,2019-07-31,-0.00572014426831872
1112,2019-08-01,-0.036266207217519074
1113,2019-08-02,0.012924140912038015
1114,2019-08-05,-0.005574847803782585
1115,2019-08-06,-0.004873145697626903
1116,2019-08-07,0.03055185497906971
1117,2019-08-08,0.01642143349160646
1118,2019-08-09,-0.00440584631234594
1119,2019-08-12,-0.017082321129662247
1120,2019-08-13,0.027052990973886873
1121,2019-08-14,-0.05012761017846097
1122,2019-08-15,-0.023634949206851722
1123,2019-08-16,0.015138880846975055
1124,2019-08-19,0.011685518301715226
1125,2019-08-20,-0.00773211966137063
1126,2019-08-21,-0.00531507589748219
1127,2019-08-22,-0.002917437097903118
1128,2019-08-23,-0.03895985904804893
1129,2019-08-26,0.006554283554440847
1130,2019-08-27,-0.007694377669750136
1131,2019-08-28,0.008891408322603031
1132,2019-08-29,0.01237442950626555
1133,2019-08-30,-0.01544839557283891
1134,2019-09-03,0.0041502363374582235
1135,2019-09-04,-0.027370004291507096
1136,2019-09-05,0.03182022471910105
1137,2019-09-06,0.001100418158019693
1138,2019-09-09,0.007782652173913023
1139,2019-09-10,0.02053730502599659
1140,2019-09-11,0.04094691882437781
1141,2019-09-12,-0.007387989354299714
1142,2019-09-13,-0.007126599737876656
1143,2019-09-16,-0.012967499736432988
1144,2019-09-17,0.009568214821796735
1145,2019-09-18,-0.006163224489795868
1146,2019-09-19,0.002439004015467397
1147,2019-09-20,-0.02381433323867098
1148,2019-09-23,0.005124958333333336
1149,2019-09-24,-0.07581158753288364
1150,2019-09-25,0.01843611993311621
1151,2019-09-26,0.05159110812451227
1152,2019-09-27,-0.00028901734700702405
1153,2019-09-30,-0.008765391307217747
1154,2019-10-01,0.013209130708263631
1155,2019-10-02,-0.0006576924522649118
1156,2019-10-03,0.005046083626063742
1157,2019-10-04,-0.0007771685328174495
1158,2019-10-07,0.03446475270811029
1159,2019-10-08,0.017721583923347682
1160,2019-10-09,0.01330179844190274
1161,2019-10-10,-0.0022015247879972875
1162,2019-10-11,0.002994112886910756
1163,2019-10-14,0.03654691260399708
1164,2019-10-15,0.0007372526050203561
1165,2019-10-16,0.009168965205156301
1166,2019-10-17,-0.0020190285714285156
1167,2019-10-18,-0.014384350103267166
1168,2019-10-21,-0.018696996090272065
1169,2019-10-22,0.004954447348004277
1170,2019-10-23,0.0007072494810510377
1171,2019-10-24,0.004390538593022052
1172,2019-10-25,0.10214295482572465
1173,2019-10-28,0.0005189747579391085
1174,2019-10-29,-0.011781649242450554
1175,2019-10-30,0.006421741419224941
1176,2019-10-31,0.005812871379956414
1177,2019-11-01,-0.00951569613050078
1178,2019-11-04,0.008481575738271515
1179,2019-11-05,-0.0075089168387459625
1180,2019-11-06,0.026981195817018706
1181,2019-11-07,0.019444597157231153
1182,2019-11-08,0.007892361497986115
1183,2019-11-11,0.0033143915785086553
1184,2019-11-12,0.00873454923902636
1185,2019-11-13,-0.025042253521126843
1186,2019-11-14,0.009361229089017983
1187,2019-11-15,0.004363449816434192
1188,2019-11-18,-0.008302150629037757
1189,2019-11-19,0.02208956708143758
1190,2019-11-20,-0.021611111111111074
1191,2019-11-21,0.0009026966799243969
1192,2019-11-22,-0.020931268254094235
1193,2019-11-25,-0.0231761159147337
1194,2019-11-26,-0.018940018210099052
1195,2019-11-27,0.0005134694448155558
1196,2019-11-29,-0.0035335840053153356
1197,2019-12-02,0.016605981326926946
1198,2019-12-03,0.010762972438128484
1199,2019-12-04,-0.013974832836054834
1200,2019-12-05,-0.0073912355439341515
1201,2019-12-06,0.0026567313432835035
1202,2019-12-09,0.008734617654496329
1203,2019-12-10,0.026120735944849628
1204,2019-12-11,0.002330368340490778
1205,2019-12-12,0.013411416468339028
1206,2019-12-13,-0.007367373042063074
1207,2019-12-16,0.05226866494914734
1208,2019-12-17,0.0
1209,2019-12-18,0.03289280972194546
1210,2019-12-19,0.016913345046058896
1211,2019-12-20,-0.011455348795429319
1212,2019-12-23,0.01806788753456141
1213,2019-12-24,0.016469141999801908
1214,2019-12-26,0.007080963203933513
1215,2019-12-27,-0.010620735632183867
1216,2019-12-30,-0.03285991862473751
1217,2019-12-31,0.03291358024691354
1218,2020-01-02,0.0135689042739952
1219,2020-01-03,0.005698059153190876
1220,2020-01-06,0.02513221047671318
1221,2020-01-07,0.016601614830966675
1222,2020-01-08,0.03892762378990123
1223,2020-01-09,-0.031703883156384706
1224,2020-01-10,-0.0075552106196639076
1225,2020-01-13,0.06354613161741027
1226,2020-01-14,-0.011648817063043814
1227,2020-01-15,-0.021254963910403928
1228,2020-01-16,0.03997972658227846
1229,2020-01-17,0.005693297836135102
1230,2020-01-21,0.03196604341444482
1231,2020-01-22,-0.0040741664319042074
1232,2020-01-23,0.014089535030386156
1233,2020-01-24,-0.01018174657993563
1234,2020-01-27,0.029576126047266685
1235,2020-01-28,-0.002796891815104742
1236,2020-01-29,0.009206326321457669
1237,2020-01-30,0.013266515818075617
1238,2020-01-31,0.016515609375000073
1239,2020-02-03,0.15780248998339413
1240,2020-02-04,0.004643517391600913
1241,2020-02-05,-0.10757228429054005
1242,2020-02-06,0.07006524617378768
1243,2020-02-07,0.023981910724920178
1244,2020-02-10,-0.03590001874999995
1245,2020-02-11,0.007271238108488327
1246,2020-02-12,-0.013601321120453331
1247,2020-02-13,0.08379170262567945
1248,2020-02-14,0.01627243337313597
1249,2020-02-18,0.019961893181242512
1250,2020-02-19,-0.006583665510292351
1251,2020-02-20,-0.013750726540658592
1252,2020-02-21,-0.006593304297631798
1253,2020-02-24,-0.006209815145235798
1254,2020-02-25,-0.057821011934846615
1255,2020-02-26,-0.004728466453674099
1256,2020-02-27,-0.06986299315068491
1257,2020-02-28,0.06080677210089284
1258,2020-03-02,0.0454967244432184
1259,2020-03-03,-0.07390059006211186
1260,2020-03-04,-0.018927776765181308
1261,2020-03-05,0.0010639222551905414
1262,2020-03-06,0.019536224637681163
1263,2020-03-09,0.00431122901820576
1264,2020-03-10,-0.021382163059276007
1265,2020-03-11,-0.009325148900937604
1266,2020-03-12,-0.03501523494107975
1267,2020-03-13,-0.08131094957983188
1268,2020-03-16,-0.05203409899820881
1269,2020-03-17,-0.02229492536868389
1270,2020-03-18,-0.0714138789943234
1271,2020-03-19,0.1412863319646028
1272,2020-03-20,-0.02434963514775952
1273,2020-03-23,0.0015913399262991556
1274,2020-03-24,0.058034790048552214
1275,2020-03-25,-0.011004172095254361
1276,2020-03-26,-0.03513028284578505
1277,2020-03-27,0.018534673267326683
1278,2020-03-30,-0.01593304362613099
1279,2020-03-31,0.04538656359102248
1280,2020-04-01,-0.044523877643138664
1281,2020-04-02,-0.05521489246809044
1282,2020-04-03,-0.05788030308380173
1283,2020-04-06,0.009859184465164038
1284,2020-04-07,0.0008256513761467825
1285,2020-04-08,-0.009671581005831086
1286,2020-04-09,0.019409694349745585
1287,2020-04-13,0.1030060001187135
1288,2020-04-14,0.01562292306009166
1289,2020-04-15,-0.01640155726690927
1290,2020-04-16,0.03943152146623153
1291,2020-04-17,-0.023812568905548673
1292,2020-04-20,0.01864344295417021
1293,2020-04-21,-0.059442337431622964
1294,2020-04-22,0.039958463310091764
1295,2020-04-23,-0.030195140731304634
1296,2020-04-24,0.02017413893640768
1297,2020-04-27,0.08288930973910372
1298,2020-04-28,-0.033331662561020214
1299,2020-04-29,0.013085842535514633
1300,2020-04-30,-0.08572356736129641
1301,2020-05-01,-0.07109928476821199
1302,2020-05-04,0.08586312594571606
1303,2020-05-05,-0.027323688520149703
1304,2020-05-06,0.007830025605344003
1305,2020-05-07,0.0036411973363620473
1306,2020-05-08,0.032314178317575416
1307,2020-05-11,0.02628676973451412
1308,2020-05-12,-0.021269589647022583
1309,2020-05-13,-0.03638998940097214
1310,2020-05-14,0.02991025641025639
1311,2020-05-15,0.01115956805138877
1312,2020-05-18,-0.01709392592234656
1313,2020-05-19,-0.00878339503631263
1314,2020-05-20,-0.006020755416669593
1315,2020-05-21,0.014215729427985246
1316,2020-05-22,-0.006434186125709445
1317,2020-05-26,-0.01872973105079918
1318,2020-05-27,-0.0007674390413853377
1319,2020-05-28,-0.009465114367742665
1320,2020-05-29,0.03245749613601236
1321,2020-06-01,0.04673653099988808
1322,2020-06-02,-0.014686520457287126
1323,2020-06-03,-0.005810014641434255
1324,2020-06-04,-0.0286554988161944
1325,2020-06-05,0.008908292299041054
1326,2020-06-08,0.03364521707869608
1327,2020-06-09,0.0007021414703148709
1328,2020-06-10,0.03344148367700544
1329,2020-06-11,-0.017531812374887372
1330,2020-06-12,-0.04563265306122443
1331,2020-06-15,0.07965871321140301
1332,2020-06-16,-0.02937194320729211
1333,2020-06-17,0.004130741670555097
1334,2020-06-18,0.0009571335705742937
1335,2020-06-19,-0.011730124015087261
1336,2020-06-22,-0.005630316375060779
1337,2020-06-23,0.0029032616385187278
1338,2020-06-24,-0.03345710132307988
1339,2020-06-25,0.033229562215524686
1340,2020-06-26,-0.035223849551373615
1341,2020-06-29,0.04163008078729755
1342,2020-06-30,0.07283657616239578
1343,2020-07-01,0.03382266295966766
1344,2020-07-02,-0.01049550523759075
1345,2020-07-06,0.07432506412275179
1346,2020-07-07,-0.010782944068151614
1347,2020-07-08,-0.027843434163701067
1348,2020-07-09,-0.0019399637098344918
1349,2020-07-10,0.10648273539472487
1350,2020-07-13,-0.09761302643567298
1351,2020-07-14,-0.025192887846032668
1352,2020-07-15,0.0019507128590269718
1353,2020-07-16,0.01589531225030743
1354,2020-07-17,-0.008331966643549673
1355,2020-07-20,0.0816255450482515
1356,2020-07-21,-0.043642092495218616
1357,2020-07-22,-0.0041713103503930845
1358,2020-07-23,-0.09879982760297076
1359,2020-07-24,0.0006991405526675177
1360,2020-07-27,0.07289203135888496
1361,2020-07-28,-0.018291170942466906
1362,2020-07-29,-0.0012592304626556435
1363,2020-07-30,-0.0003428091328734106
1364,2020-07-31,-0.05560393399339926
1365,2020-08-03,0.02470329871243862
1366,2020-08-04,-0.005357890331802186
1367,2020-08-05,-0.0053382609485195485
1368,2020-08-06,-0.0008384591555606184
1369,2020-08-07,-0.03122957144289484
1370,2020-08-10,-0.02032464391592582
1371,2020-08-11,-0.015480017242979224
1372,2020-08-12,0.057659850340136085
1373,2020-08-13,0.006207324411893566
1374,2020-08-14,-0.008576592412183611
1375,2020-08-17,0.09459748827544706
1376,2020-08-18,-0.006266502127272851
1377,2020-08-19,0.007254675603217093
1378,2020-08-20,0.07585939565651141
1379,2020-08-21,0.00255288153673657
1380,2020-08-24,-0.05271181445401885
1381,2020-08-25,0.024533017215133613
1382,2020-08-26,0.04522816262135924
1383,2020-08-27,0.026732867680836398
1384,2020-08-28,-0.035605969323777305
1385,2020-08-31,0.12080255462548818
1386,2020-09-01,-0.053949150019442324
1387,2020-09-02,-0.0660138951964319
1388,2020-09-03,-0.0005648183920315009
1389,2020-09-04,0.03850452838064851
1390,2020-09-08,-0.07244384550561797
1391,2020-09-09,0.02714524070983882
1392,2020-09-10,-0.038502357128301266
1393,2020-09-11,-0.02413991975629714
1394,2020-09-14,0.10150933661080971
1395,2020-09-15,0.030236421249021574
1396,2020-09-16,0.0042967581819260145
1397,2020-09-17,0.018840199439265688
1398,2020-09-18,-0.012925856083735072
1399,2020-09-21,-0.00825367986831942
1400,2020-09-22,-0.012499988186685494
1401,2020-09-23,-0.06121043231108276
1402,2020-09-24,0.06594288562758285
1403,2020-09-25,0.03525045102485452
1404,2020-09-28,-0.00805422033882319
1405,2020-09-29,0.007379824519230711
1406,2020-09-30,0.01825216669570607
1407,2020-10-01,0.016789168327680164
1408,2020-10-02,-0.014950565451817884
1409,2020-10-05,0.005503689540517018
1410,2020-10-06,-0.023148252180716245
1411,2020-10-07,0.01293255785043646
1412,2020-10-08,-0.028555763486197615
1413,2020-10-09,0.008997268163145274
1414,2020-10-12,0.0006787058823529068
1415,2020-10-13,0.00744330203076615
1416,2020-10-14,0.025612497277808056
1417,2020-10-15,-0.0031755746182655807
1418,2020-10-16,-0.03250151600870737
1419,2020-10-19,-0.034532994230301865
1420,2020-10-20,-0.022721477707006388
1421,2020-10-21,-0.00014193754032826913
1422,2020-10-22,-0.036499826949452925
1423,2020-10-23,-0.0028683648100546687
1424,2020-10-26,0.021014002611398536
1425,2020-10-27,0.002171000043161227
1426,2020-10-28,-0.025115303793055224
1427,2020-10-29,0.0021221485488812364
1428,2020-10-30,-0.046350418476536016
1429,2020-11-02,0.016522868020304626
1430,2020-11-03,0.034583707855366255
1431,2020-11-04,-0.022386289795948807
1432,2020-11-05,0.022857829265220526
1433,2020-11-06,-0.014102256169196182
1434,2020-11-09,-0.041501683731513035
1435,2020-11-10,-0.02316172984990576
1436,2020-11-11,0.0016328322257317346
1437,2020-11-12,-0.007926703036068905
1438,2020-11-13,-0.005719863613680968
1439,2020-11-16,-0.002054133994519789
1440,2020-11-17,-0.040332980150099416
1441,2020-11-18,0.0854020485950434
1442,2020-11-19,0.014776400406504084
1443,2020-11-20,-0.016827657519782643
1444,2020-11-23,0.03644483813306846
1445,2020-11-24,0.027720170863648873
1446,2020-11-25,0.043522528609688235
1447,2020-11-27,0.007915268108115095
1448,2020-11-30,-0.057471720389269794
1449,2020-12-01,-0.021469596914809288
1450,2020-12-02,0.022248589165952848
1451,2020-12-03,0.005694696596905199
1452,2020-12-04,0.013586856168476831
1453,2020-12-07,0.060900661302835425
1454,2020-12-08,0.03896019985355633
1455,2020-12-09,-0.07528036508045
1456,2020-12-10,0.09175272465268666
1457,2020-12-11,-0.008162501290019542
1458,2020-12-14,0.03365107754442649
1459,2020-12-15,-0.015592010551908512
1460,2020-12-16,-0.00869102108116507
1461,2020-12-17,0.04411089306066348
1462,2020-12-18,0.0390192481141247
1463,2020-12-21,-0.024585742744142366
1464,2020-12-22,-0.011820945987654378
1465,2020-12-23,0.021796848684653203
1466,2020-12-24,0.029207344269854045
1467,2020-12-28,-0.0160412860292465
1468,2020-12-29,0.007549152798789764
1469,2020-12-30,0.03389885267857145
1470,2020-12-31,0.008114391750087694
1471,2021-01-04,0.014330188870452714
1472,2021-01-05,0.015822364683972946
1473,2021-01-06,-0.003309219677375148
1474,2021-01-07,0.04939363547320944
1475,2021-01-08,0.028060771028037435
1476,2021-01-11,-0.04498471970846092
1477,2021-01-12,0.022190134777376715
1478,2021-01-13,0.0019348503455269563
1479,2021-01-14,0.0019089448195566455
1480,2021-01-15,-0.030328670187793384
1481,2021-01-19,0.008056815584485304
1482,2021-01-20,-0.009653653138943744
1483,2021-01-21,-0.01170761403508768
1484,2021-01-22,0.014778699799304094
1485,2021-01-25,0.030175424561403492
1486,2021-01-26,-0.009300161495096606
1487,2021-01-27,-0.007112084989590364
1488,2021-01-28,0.018817064634146303
1489,2021-01-29,-0.043939724096385524
1490,2021-02-01,0.03134021133685122
1491,2021-02-02,0.03327885735775921
1492,2021-02-03,-0.02546124089618843
1493,2021-02-04,-0.0058596608187134105
1494,2021-02-05,0.008556189349112373
1495,2021-02-08,-0.007186634151083492
1496,2021-02-09,-0.006618922529112462
1497,2021-02-10,-0.046014896531431024
1498,2021-02-11,-0.0009601065901233321
1499,2021-02-12,0.01854577142817854
1500,2021-02-16,-0.026625952322738403
1501,2021-02-17,0.024464434583244984
1502,2021-02-18,0.008298092970733412
1503,2021-02-19,-0.017232719496855366
1504,2021-02-22,-0.06312285488980007
1505,2021-02-23,0.05544231755514536
1506,2021-02-24,0.04238258764793451
1507,2021-02-25,-0.06049721345185832
1508,2021-02-26,-0.035
1509,2021-03-01,0.041036948624935364
1510,2021-03-02,-0.04432815296887499
1511,2021-03-03,-0.05056756421703173
1512,2021-03-04,-0.052394002178603176
1513,2021-03-05,-0.04489982763600868
1514,2021-03-08,-0.06252599908469232
1515,2021-03-09,0.10753399446337926
1516,2021-03-10,-0.046037399046763995
1517,2021-03-11,0.00028589075370111694
1518,2021-03-12,0.03541788059701486
1519,2021-03-15,0.019954147821230814
1520,2021-03-16,-0.037634139337768296
1521,2021-03-17,0.06841536885849069
1522,2021-03-18,-0.04549241695894015
1523,2021-03-19,0.012790008207485687
1524,2021-03-22,-0.021312064775375356
1525,2021-03-23,-0.02014005741183962
1526,2021-03-24,-0.05635483002437514
1527,2021-03-25,0.04468191680261003
1528,2021-03-26,-0.03608203091032482
1529,2021-03-29,-0.007065877613559491
1530,2021-03-30,0.05628582467802246
1531,2021-03-31,0.03295598367631664
1532,2021-04-01,-0.03867105654423537
1533,2021-04-05,-0.02354076314041515
1534,2021-04-06,0.0019122222554638555
1535,2021-04-07,-0.023333375545851548
1536,2021-04-08,0.009477668299346985
1537,2021-04-09,-0.0011065700427410465
1538,2021-04-12,0.023742114211892328
1539,2021-04-13,0.06962255389999912
1540,2021-04-14,-0.04991570183081827
1541,2021-04-15,-0.005719284264921037
1542,2021-04-16,0.015274829662257697
1543,2021-04-19,-0.006906574716172569
1544,2021-04-20,0.002188407121634403
1545,2021-04-21,0.05583378106804255
1546,2021-04-22,-0.029413348617666826
1547,2021-04-23,0.01333708830236886
1548,2021-04-26,-0.0037786612685559847
1549,2021-04-27,-0.018413326083495978
1550,2021-04-28,-0.0028861576914838436
1551,2021-04-29,-0.032179682460869954
1552,2021-04-30,0.06268813689153581
1553,2021-05-03,-0.0268541692558255
1554,2021-05-04,-0.007865239909667423
1555,2021-05-05,-0.014859184256480001
1556,2021-05-06,-0.02529530487550223
1557,2021-05-07,0.009867838868149743
1558,2021-05-10,-0.05393298948053581
1559,2021-05-11,0.029971334189495564
1560,2021-05-12,-0.02091316903041009
1561,2021-05-13,-0.049622597153467944
1562,2021-05-14,0.01085003221225359
1563,2021-05-17,0.0022240101236871423
1564,2021-05-18,0.01737675176056341
1565,2021-05-19,0.01974488143505307
1566,2021-05-20,0.020487006956521763
1567,2021-05-21,-0.025548942952197097
1568,2021-05-24,0.04270981262901579
1569,2021-05-25,-0.004314099897298087
1570,2021-05-26,0.019043398245583695
1571,2021-05-27,0.017106259143335686
1572,2021-05-28,-0.005218821002386656
1573,2021-06-01,-0.006212112256363972
1574,2021-06-02,-0.024204618191309684
1575,2021-06-03,-0.04812223592134738
1576,2021-06-04,0.03336144842429515
1577,2021-06-07,0.022472648594976528
1578,2021-06-08,-0.031171221470422287
1579,2021-06-09,-0.005629563239122779
1580,2021-06-10,0.010333162132102775
1581,2021-06-11,-0.0005571096326666981
1582,2021-06-14,0.008918253235491825
1583,2021-06-15,-0.028101666872815616
1584,2021-06-16,0.012266990109237508
1585,2021-06-17,0.0244396162644433
1586,2021-06-18,0.01620555795201546
1587,2021-06-21,-0.005844803863848377
1588,2021-06-22,0.008831414476344489
1589,2021-06-23,0.03887659335443043
1590,2021-06-24,0.007155686856926571
1591,2021-06-25,-0.025682330640970388
1592,2021-06-28,0.025430223957100054
1593,2021-06-29,-0.005681755442398209
1594,2021-06-30,-0.00010298777224689876
1595,2021-07-01,-0.008772956119341814
1596,2021-07-02,-0.00011775899489691087
1597,2021-07-06,-0.032462490334343334
1598,2021-07-07,-0.029536175665431978
1599,2021-07-08,0.03889428711502995
1600,2021-07-09,0.005771791910962661
1601,2021-07-12,0.03548776740281907
1602,2021-07-13,-0.025906324773656224
1603,2021-07-14,-0.025896377189713035
1604,2021-07-15,-0.011831951916828476
1605,2021-07-16,-0.01597730511370611
1606,2021-07-19,0.025925091065302948
1607,2021-07-20,0.01305236296649273
1608,2021-07-21,-0.006549335362168649
1609,2021-07-22,-0.010937773411316399
1610,2021-07-23,-0.004610402978458001
1611,2021-07-26,0.010215561848090271
1612,2021-07-27,-0.02806752234907971
1613,2021-07-28,-3.094281298306801e-05
1614,2021-07-29,0.04241370124671259
1615,2021-07-30,0.022984401825288842
1616,2021-08-02,0.013814261428571431
1617,2021-08-03,-0.01287901251738521
1618,2021-08-04,-0.00011254149085794375
1619,2021-08-05,-0.0019134008379888508
1620,2021-08-06,-0.01798012019732712
1621,2021-08-09,0.005055165785569345
1622,2021-08-10,-0.005602319438680085
1623,2021-08-11,-0.006861156499915121
1624,2021-08-12,0.022524524155276334
1625,2021-08-13,-0.009036822485788347
1626,2021-08-16,-0.02680588283767406
1627,2021-08-17,-0.010332041862107432
1628,2021-08-18,0.028727122060470376
1629,2021-08-19,-0.0069890606836240385
1630,2021-08-20,-0.0037928770462459594
1631,2021-08-23,0.03043298602231262
1632,2021-08-24,-0.0030815599448005475
1633,2021-08-25,0.00589788669357918
1634,2021-08-26,-0.010094485493906461
1635,2021-08-27,0.009815578723404259
1636,2021-08-30,0.02265223116313347
1637,2021-08-31,0.00371073806275578
1638,2021-09-01,1.3636115638829136e-05
1639,2021-09-02,-0.0028726820966644678
1640,2021-09-03,0.0018026725844998734
1641,2021-09-07,0.01745943648648649
1642,2021-09-08,-0.010123718884288925
1643,2021-09-09,0.001924598892985473
1644,2021-09-10,-0.03071347648383802
1645,2021-09-13,0.0037691707989330886
1646,2021-09-14,0.0025855919063534193
1647,2021-09-15,0.014536935570469795
1648,2021-09-16,0.005525779931806354
1649,2021-09-17,0.0030904918785289556
1650,2021-09-20,-0.005976387241277395
1651,2021-09-21,0.006246719657899258
1652,2021-09-22,0.011310872018593396
1653,2021-09-23,-0.0018013046357616576
1654,2021-09-24,0.03820938667479012
1655,2021-09-27,0.02359270244976659
1656,2021-09-28,-0.012245952557226415
1657,2021-09-29,0.001936406800765385
1658,2021-09-30,-0.007067887323943719
1659,2021-10-01,-0.004085371148446988
1660,2021-10-04,-0.018794690521029486
1661,2021-10-05,-0.005364374444919107
1662,2021-10-06,0.008438531175905192
1663,2021-10-07,0.01037603795448175
1664,2021-10-08,-0.013463824498305481
1665,2021-10-11,0.0054465535063578175
1666,2021-10-12,0.005980520197599866
1667,2021-10-13,0.0007527064812127521
1668,2021-10-14,0.003470327085192055
1669,2021-10-15,0.02341763084732596
1670,2021-10-18,0.02150765737232005
1671,2021-10-19,-0.01511060426628428
1672,2021-10-20,0.0005200346824762785
1673,2021-10-21,0.04439252336448598
1674,2021-10-22,0.01583472138470125
1675,2021-10-25,0.0781984300676944
1676,2021-10-26,-0.0061091143276872685
1677,2021-10-27,-0.0017313823183857662
1678,2021-10-28,0.008171766170742448
1679,2021-10-29,0.029708109594237322
1680,2021-11-01,0.05553708820960699
1681,2021-11-02,0.010902580012712744
1682,2021-11-03,0.03102785995874211
1683,2021-11-04,-0.0036454661547250513
1684,2021-11-05,-0.004812731270358303
1685,2021-11-08,0.011436785459923533
1686,2021-11-09,-0.12789705101357293
1687,2021-11-10,0.0569471596060741
1688,2021-11-11,-0.03560126707107976
1689,2021-11-12,-0.013441485441527483
1690,2021-11-15,-0.00416653398501161
1691,2021-11-16,0.05125034346562957
1692,2021-11-17,0.023977207323135588
1693,2021-11-18,-0.009190767294430767
1694,2021-11-19,0.03475394193468709
1695,2021-11-22,-0.0046974277586286535
1696,2021-11-23,-0.050089490025014824
1697,2021-11-24,0.032960305542994166
1698,2021-11-26,-0.01596217037563823
1699,2021-11-29,0.03269784496405821
1700,2021-11-30,0.0003408119766369342
1701,2021-12-01,-0.056603733758579314
1702,2021-12-02,-0.013156772354330402
1703,2021-12-03,-0.06436274808013792
1704,2021-12-06,0.007488692000192789
1705,2021-12-07,0.007230462894361833
1706,2021-12-08,0.015436350563799784
1707,2021-12-09,-0.05359030980930883
1708,2021-12-10,0.008208207187112777
1709,2021-12-13,-0.03464229296532581
1710,2021-12-14,0.014296306878306842
1711,2021-12-15,0.023898162497498432
1712,2021-12-16,-0.06795376269482152
1713,2021-12-17,0.01945842846926705
1714,2021-12-20,-0.011815098120367616
1715,2021-12-21,0.023623887920991456
1716,2021-12-22,0.04474662221502266
1717,2021-12-23,0.059793417478666094
1718,2021-12-27,0.018879074733689907
1719,2021-12-28,-0.018945658986972966
1720,2021-12-29,-0.011332259730226429
1721,2021-12-30,0.008489358044653141
1722,2021-12-31,-0.015520115624242527
1723,2022-01-03,0.04533219690699195
1724,2022-01-04,-0.03359260338276018
1725,2022-01-05,-0.05104437079748407
1726,2022-01-06,-0.011420658310120653
1727,2022-01-07,-0.04943679873301183
1728,2022-01-10,0.058119995000000015
1729,2022-01-11,0.010183434616083733
1730,2022-01-12,0.02536960245527226
1731,2022-01-13,-0.06988728463840292
1732,2022-01-14,0.02915046853967891
1733,2022-01-18,0.003798935386353089
1734,2022-01-19,-0.044215701802240895
1735,2022-01-20,-0.013330256867286353
1736,2022-01-21,-0.05263263703045018
1737,2022-01-24,0.027896889474591208
1738,2022-01-25,0.004594193770367195
1739,2022-01-26,-0.015770208950150032
1740,2022-01-27,-0.11170396275344939
1741,2022-01-28,0.01778582187162882
1742,2022-01-31,0.07334618302343732
1743,2022-02-01,-0.004234366513236511
1744,2022-02-02,-0.024262557014628445
1745,2022-02-03,0.010362828798185883
1746,2022-02-04,0.029089896395094895
1747,2022-02-07,-0.017807024747783153
1748,2022-02-08,0.018188210741269615
1749,2022-02-09,-0.0032085561497326204
1750,2022-02-10,-0.004205342559779324
1751,2022-02-11,-0.05456065073403112
1752,2022-02-14,0.016469936145304943
1753,2022-02-15,0.02492221444444441
1754,2022-02-16,0.010218289068015352
1755,2022-02-17,-0.0404156905983434
1756,2022-02-18,-0.032753972911963934
1757,2022-02-22,-0.015105530222474097
1758,2022-02-23,-0.07994655246032274
1759,2022-02-24,0.14332015427147415
1760,2022-02-25,0.0007908938321836052
1761,2022-02-28,0.06799914396143429
1762,2022-03-01,-0.0061056917978334485
1763,2022-03-02,0.008897767483644787
1764,2022-03-03,-0.04492647803346776
1765,2022-03-04,-0.012731125080140094
1766,2022-03-07,-0.0603993597159784
1767,2022-03-08,0.03629026428617695
1768,2022-03-09,0.02321674306038845
1769,2022-03-10,-0.015444270144657688
1770,2022-03-11,-0.053380189668457236
1771,2022-03-14,-0.018242131504377354
1772,2022-03-15,0.03433641739429045
1773,2022-03-16,0.038603189122373247
1774,2022-03-17,0.04886940455203309
1775,2022-03-18,0.03533490989416575
1776,2022-03-21,0.006754238491644464
1777,2022-03-22,0.06879567741935479
1778,2022-03-23,0.019562404801187004
1779,2022-03-24,0.004149627210236985
1780,2022-03-25,0.0026190624999999487
1781,2022-03-28,0.025105615061998682
1782,2022-03-29,-0.007599386344636526
1783,2022-03-30,0.002584332309621279
1784,2022-03-31,-0.015503778504073874
1785,2022-04-01,0.0031817434432207655
1786,2022-04-04,0.051469593477622234
1787,2022-04-05,-0.0396374523081623
1788,2022-04-06,-0.02581344774291783
1789,2022-04-07,0.004627557208436663
1790,2022-04-08,-0.01698600632897905
1791,2022-04-11,-0.0045593950332258075
1792,2022-04-12,-0.010715290925855589
1793,2022-04-13,0.04208624911784338
1794,2022-04-14,-0.014300131407902521
1795,2022-04-18,0.0154292069528255
1796,2022-04-19,0.02297377872559612
1797,2022-04-20,-0.05126212427184464
1798,2022-04-21,-0.06136420517458725
1799,2022-04-22,-0.009715132634724885
1800,2022-04-25,0.01945927818454
1801,2022-04-26,-0.11955638350953322
1802,2022-04-27,-0.018996646572433218
1803,2022-04-28,-0.02496718871457562
1804,2022-04-29,-0.034901623718481614
1805,2022-05-02,0.048990997618620594
1806,2022-05-03,0.006720705780735815
1807,2022-05-04,0.05385312398200513
1808,2022-05-05,-0.07000914740880608
1809,2022-05-06,-0.024069871476888355
1810,2022-05-09,-0.05898741860499843
1811,2022-05-10,-0.023519815511881415
1812,2022-05-11,-0.07672955974842767
1813,2022-05-12,0.03851640513552068
1814,2022-05-13,-0.005029157962175041
1815,2022-05-16,-0.055777125379298194
1816,2022-05-17,0.019067116631886573
1817,2022-05-18,-0.04662066978400405
1818,2022-05-19,0.0034228896746817568
1819,2022-05-20,-0.07015499755115615
1820,2022-05-23,0.03035022349393227
1821,2022-05-24,-0.03882003102262953
1822,2022-05-25,0.05602310386239402
1823,2022-05-26,0.07001602338948376
1824,2022-05-27,0.05030073280331833
1825,2022-05-31,-0.020133382167371396
1826,2022-06-01,-0.019585225023572614
1827,2022-06-02,0.05806385337809298
1828,2022-06-03,-0.03581022537368649
1829,2022-06-06,-0.02485467908453516
1830,2022-06-07,0.020883152421652472
1831,2022-06-08,0.007413942084609146
1832,2022-06-09,-0.03863536299469635
1833,2022-06-10,-0.012445560209393998
1834,2022-06-13,-0.03329346975354745
1835,2022-06-14,0.011926210455506684
1836,2022-06-15,0.05469634100339495
1837,2022-06-16,-0.04326489134878614
1838,2022-06-17,0.01558650817903815
1839,2022-06-21,0.05535683220895173
1840,2022-06-22,0.006751858441928922
1841,2022-06-23,-0.011923372395025788
1842,2022-06-24,0.0346851152236747
1843,2022-06-27,-0.017831795786610215
1844,2022-06-28,-0.04834688311382832
1845,2022-06-29,-0.008720215473608118
1846,2022-06-30,-0.00016338692450490754
1847,2022-07-01,0.0011600264317180899
1848,2022-07-05,0.04514202092675638
